con1,region,tam_loc,tiene_sistema_tren,sexo,edad,escolaridad,ingreso_familiar,condicion_actividad,tiene_auto,modo_principal,tp_eficiente,tp_rapido,tp_barato,tp_seguro,tp_comodo,contamina_su_modo,contamina_aire
1,region_3,100mil_mas,no,mujer,25-34,primaria,1-2sm,no_ocupado,si,ninguno,eficiente,rapido,barato,seguro,comodo,mucho,mucho
2,region_3,100mil_mas,no,mujer,45-54,preparatoria,mas_6sm,no_ocupado,si,ninguno,eficiente,rapido,barato,inseguro,incomodo,poco,poco
3,region_2,2500_14999,si,hombre,35-44,preparatoria,1-2sm,ocupado,si,particular,eficiente,rapido,caro,seguro,comodo,mucho,mucho
4,region_2,100mil_mas,si,mujer,18-24,universidad,no_declaro,ocupado,si,particular,eficiente,rapido,caro,inseguro,comodo,algo,mucho
6,region_3,15mil_99999,no,hombre,25-34,preparatoria,mas_6sm,ocupado,si,particular,eficiente,lento,caro,inseguro,incomodo,no_contamina,poco
7,region_4,100mil_mas,no,hombre,65+,secundaria,1-2sm,ocupado,si,particular,eficiente,rapido,barato,seguro,comodo,poco,nada
8,region_1,15mil_99999,si,mujer,45-54,ninguna,4-5sm,no_ocupado,si,ninguno,eficiente,rapido,barato,seguro,comodo,poco,poco
9,region_1,15mil_99999,si,hombre,55-64,primaria,3-4sm,ocupado,si,particular,eficiente,rapido,barato,seguro,comodo,poco,nada
11,region_1,15mil_99999,no,hombre,25-34,preparatoria,mas_6sm,ocupado,si,particular,eficiente,rapido,barato,seguro,comodo,poco,poco
12,region_1,100mil_mas,no,mujer,35-44,preparatoria,mas_6sm,ocupado,si,particular,eficiente,rapido,barato,seguro,comodo,poco,algo
13,region_3,100mil_mas,si,mujer,35-44,preparatoria,5-6sm,ocupado,si,particular,eficiente,lento,caro,inseguro,incomodo,mucho,algo
14,region_3,menos_2500,no,mujer,35-44,secundaria,1-2sm,no_ocupado,si,particular,eficiente,lento,barato,inseguro,incomodo,algo,algo
15,region_3,100mil_mas,no,mujer,25-34,primaria,1-2sm,no_ocupado,si,particular,eficiente,lento,caro,inseguro,incomodo,poco,algo
16,region_1,100mil_mas,no,hombre,18-24,secundaria,4-5sm,ocupado,si,camion,eficiente,rapido,barato,inseguro,incomodo,poco,algo
17,region_2,100mil_mas,si,hombre,55-64,universidad,2-3sm,ocupado,si,colectivo,eficiente,lento,caro,inseguro,comodo,no_contamina,poco
18,region_3,100mil_mas,si,hombre,25-34,secundaria,5-6sm,ocupado,si,particular,eficiente,rapido,barato,seguro,comodo,algo,mucho
19,region_3,100mil_mas,si,mujer,35-44,secundaria,5-6sm,ocupado,si,particular,eficiente,lento,caro,inseguro,incomodo,mucho,mucho
20,region_3,15mil_99999,no,mujer,35-44,primaria,4-5sm,ocupado,si,particular,eficiente,rapido,caro,seguro,comodo,algo,mucho
21,region_3,100mil_mas,si,hombre,35-44,secundaria,3-4sm,ocupado,si,particular,eficiente,rapido,barato,seguro,comodo,mucho,mucho
22,region_3,100mil_mas,no,mujer,35-44,secundaria,2-3sm,no_ocupado,si,demanda,eficiente,lento,caro,inseguro,incomodo,algo,poco
23,region_4,100mil_mas,no,mujer,25-34,secundaria,1-2sm,ocupado,si,particular,eficiente,rapido,barato,seguro,comodo,algo,algo
24,region_3,100mil_mas,no,hombre,25-34,preparatoria,1-2sm,ocupado,si,particular,eficiente,rapido,caro,seguro,comodo,poco,poco
25,region_2,100mil_mas,si,hombre,45-54,primaria,no_declaro,ocupado,si,particular,eficiente,rapido,barato,seguro,comodo,no_contamina,poco
26,region_1,2500_14999,no,hombre,35-44,primaria,2-3sm,ocupado,si,ninguno,eficiente,rapido,barato,seguro,comodo,poco,algo
27,region_3,15mil_99999,no,mujer,25-34,primaria,mas_6sm,ocupado,si,particular,eficiente,lento,caro,seguro,comodo,poco,poco
29,region_3,2500_14999,no,mujer,55-64,primaria,no_declaro,no_ocupado,si,colectivo,eficiente,rapido,barato,seguro,incomodo,algo,poco
30,region_3,15mil_99999,no,hombre,45-54,secundaria,4-5sm,ocupado,si,particular,eficiente,rapido,barato,inseguro,incomodo,poco,poco
31,region_3,2500_14999,no,mujer,35-44,preparatoria,mas_6sm,no_ocupado,si,particular,eficiente,rapido,barato,seguro,comodo,no_contamina,poco
32,region_1,2500_14999,no,mujer,18-24,preparatoria,2-3sm,no_ocupado,si,camion,eficiente,lento,caro,inseguro,incomodo,poco,poco
33,region_3,100mil_mas,no,hombre,35-44,universidad,mas_6sm,ocupado,si,particular,eficiente,rapido,caro,seguro,comodo,no_contamina,algo
34,region_4,2500_14999,no,hombre,45-54,secundaria,5-6sm,ocupado,si,otros,eficiente,rapido,barato,seguro,comodo,poco,poco
35,region_3,2500_14999,no,hombre,25-34,universidad,3-4sm,ocupado,si,particular,eficiente,rapido,caro,seguro,comodo,algo,poco
37,region_1,100mil_mas,no,mujer,45-54,primaria,no_declaro,no_ocupado,si,particular,eficiente,rapido,barato,inseguro,incomodo,no_contamina,algo
38,region_1,100mil_mas,si,hombre,35-44,universidad,4-5sm,ocupado,si,particular,eficiente,rapido,caro,seguro,incomodo,poco,algo
40,region_1,100mil_mas,no,mujer,55-64,secundaria,4-5sm,no_ocupado,si,particular,eficiente,rapido,barato,seguro,comodo,poco,algo
41,region_3,100mil_mas,no,mujer,25-34,preparatoria,2-3sm,no_ocupado,si,particular,eficiente,lento,barato,inseguro,incomodo,algo,algo
42,region_3,menos_2500,no,mujer,35-44,secundaria,2-3sm,no_ocupado,si,particular,eficiente,lento,barato,inseguro,incomodo,algo,algo
43,region_3,15mil_99999,no,hombre,18-24,secundaria,3-4sm,no_ocupado,si,particular,eficiente,lento,caro,seguro,comodo,poco,poco
44,region_4,100mil_mas,no,hombre,55-64,preparatoria,5-6sm,ocupado,si,colectivo,eficiente,rapido,barato,inseguro,incomodo,poco,algo
45,region_4,100mil_mas,no,mujer,25-34,universidad,mas_6sm,ocupado,si,particular,eficiente,rapido,barato,seguro,comodo,poco,nada
46,region_3,100mil_mas,si,mujer,35-44,secundaria,4-5sm,ocupado,si,camion,eficiente,lento,caro,inseguro,incomodo,algo,algo
47,region_1,menos_2500,no,hombre,18-24,primaria,2-3sm,no_ocupado,si,particular,eficiente,rapido,barato,inseguro,incomodo,algo,poco
48,region_1,15mil_99999,si,hombre,18-24,preparatoria,mas_6sm,no_ocupado,si,ninguno,eficiente,rapido,barato,seguro,comodo,poco,algo
49,region_3,15mil_99999,no,mujer,45-54,secundaria,5-6sm,no_ocupado,si,particular,eficiente,rapido,caro,seguro,comodo,algo,mucho
50,region_4,menos_2500,no,hombre,55-64,primaria,1-2sm,ocupado,si,camion,eficiente,lento,barato,inseguro,comodo,mucho,poco
51,region_4,15mil_99999,no,hombre,55-64,primaria,4-5sm,ocupado,si,particular,eficiente,lento,barato,inseguro,comodo,mucho,algo
52,region_2,100mil_mas,si,mujer,65+,ninguna,no_declaro,no_ocupado,si,ninguno,eficiente,rapido,barato,seguro,comodo,algo,algo
53,region_3,100mil_mas,no,hombre,65+,primaria,no_declaro,no_ocupado,si,ninguno,eficiente,rapido,barato,seguro,comodo,algo,poco
54,region_1,menos_2500,no,hombre,65+,ninguna,no_declaro,ocupado,si,ninguno,eficiente,rapido,caro,seguro,comodo,poco,poco
55,region_3,100mil_mas,no,hombre,25-34,universidad,mas_6sm,ocupado,si,camion,eficiente,rapido,caro,seguro,comodo,algo,algo
57,region_3,100mil_mas,no,hombre,18-24,universidad,no_declaro,no_ocupado,si,camion,eficiente,lento,barato,inseguro,incomodo,algo,algo
58,region_1,menos_2500,no,hombre,45-54,preparatoria,2-3sm,ocupado,si,camion,eficiente,rapido,caro,inseguro,incomodo,algo,mucho
59,region_3,100mil_mas,no,hombre,18-24,secundaria,4-5sm,ocupado,si,particular,eficiente,lento,caro,inseguro,incomodo,poco,algo
60,region_3,100mil_mas,no,mujer,25-34,secundaria,3-4sm,ocupado,si,particular,eficiente,lento,caro,inseguro,comodo,no_contamina,poco
61,region_3,100mil_mas,no,mujer,25-34,secundaria,1-2sm,no_ocupado,si,particular,eficiente,rapido,barato,seguro,comodo,algo,algo
62,region_3,15mil_99999,no,hombre,35-44,secundaria,mas_6sm,ocupado,si,particular,eficiente,lento,caro,seguro,comodo,algo,mucho
63,region_1,15mil_99999,no,mujer,25-34,secundaria,5-6sm,ocupado,si,particular,eficiente,rapido,barato,seguro,comodo,no_contamina,nada
64,region_3,100mil_mas,no,mujer,35-44,preparatoria,3-4sm,no_ocupado,si,particular,eficiente,lento,barato,inseguro,incomodo,algo,algo
65,region_3,100mil_mas,no,mujer,35-44,preparatoria,3-4sm,no_ocupado,si,particular,eficiente,lento,barato,inseguro,incomodo,algo,algo
66,region_3,15mil_99999,no,hombre,25-34,preparatoria,mas_6sm,ocupado,si,particular,eficiente,lento,caro,seguro,comodo,poco,poco
67,region_2,100mil_mas,si,hombre,45-54,preparatoria,no_declaro,no_ocupado,si,camion,eficiente,rapido,caro,inseguro,comodo,poco,nada
68,region_2,15mil_99999,si,hombre,25-34,preparatoria,3-4sm,ocupado,si,ninguno,eficiente,lento,caro,seguro,comodo,algo,mucho
69,region_2,15mil_99999,si,hombre,25-34,preparatoria,no_declaro,ocupado,si,ninguno,eficiente,lento,caro,seguro,comodo,algo,mucho
70,region_2,100mil_mas,si,hombre,18-24,universidad,mas_6sm,ocupado,si,particular,eficiente,rapido,barato,seguro,comodo,poco,algo
71,region_2,100mil_mas,si,mujer,45-54,universidad,mas_6sm,ocupado,si,particular,eficiente,rapido,caro,seguro,comodo,algo,mucho
72,region_1,100mil_mas,no,hombre,25-34,preparatoria,no_declaro,no_ocupado,si,particular,eficiente,rapido,caro,seguro,comodo,algo,mucho
73,region_2,100mil_mas,si,hombre,45-54,universidad,mas_6sm,ocupado,si,particular,eficiente,lento,caro,seguro,comodo,poco,algo
74,region_1,15mil_99999,si,mujer,35-44,secundaria,3-4sm,no_ocupado,si,ninguno,eficiente,lento,barato,seguro,incomodo,algo,poco
75,region_3,menos_2500,no,mujer,35-44,primaria,4-5sm,no_ocupado,si,particular,eficiente,rapido,barato,seguro,comodo,algo,poco
76,region_1,2500_14999,no,hombre,45-54,preparatoria,2-3sm,ocupado,si,ninguno,eficiente,rapido,barato,seguro,comodo,poco,algo
77,region_3,100mil_mas,no,mujer,25-34,secundaria,1-2sm,no_ocupado,si,particular,eficiente,rapido,caro,seguro,comodo,algo,poco
78,region_4,100mil_mas,no,hombre,55-64,primaria,2-3sm,ocupado,si,colectivo,eficiente,rapido,barato,seguro,comodo,poco,poco
79,region_1,100mil_mas,si,hombre,18-24,preparatoria,mas_6sm,no_ocupado,si,camion,eficiente,rapido,barato,inseguro,incomodo,poco,algo
80,region_3,100mil_mas,no,mujer,18-24,preparatoria,no_declaro,no_ocupado,si,particular,eficiente,lento,barato,inseguro,comodo,poco,poco
81,region_3,100mil_mas,no,mujer,35-44,preparatoria,mas_6sm,ocupado,si,particular,eficiente,lento,barato,inseguro,incomodo,algo,algo
82,region_2,2500_14999,si,hombre,25-34,universidad,mas_6sm,ocupado,si,particular,eficiente,rapido,caro,inseguro,incomodo,no_contamina,algo
83,region_3,100mil_mas,no,mujer,35-44,secundaria,4-5sm,no_ocupado,si,particular,eficiente,lento,barato,inseguro,incomodo,mucho,mucho
84,region_1,100mil_mas,si,hombre,45-54,preparatoria,3-4sm,ocupado,si,particular,eficiente,lento,barato,inseguro,incomodo,mucho,algo
85,region_1,100mil_mas,no,hombre,25-34,universidad,mas_6sm,ocupado,si,particular,eficiente,rapido,barato,seguro,comodo,mucho,algo
86,region_3,100mil_mas,si,hombre,65+,primaria,mas_6sm,ocupado,si,camion,eficiente,rapido,caro,inseguro,incomodo,mucho,mucho
87,region_1,15mil_99999,no,mujer,55-64,primaria,no_declaro,ocupado,si,ninguno,eficiente,lento,caro,seguro,incomodo,poco,poco
88,region_1,15mil_99999,no,mujer,35-44,secundaria,mas_6sm,no_ocupado,si,particular,eficiente,rapido,barato,seguro,comodo,algo,poco
89,region_1,15mil_99999,no,mujer,25-34,preparatoria,1-2sm,no_ocupado,si,particular,eficiente,rapido,caro,seguro,comodo,no_contamina,nada
90,region_2,100mil_mas,si,mujer,35-44,secundaria,1-2sm,ocupado,si,particular,eficiente,lento,caro,seguro,incomodo,algo,algo
91,region_3,100mil_mas,si,hombre,25-34,preparatoria,5-6sm,ocupado,si,particular,eficiente,rapido,barato,seguro,comodo,mucho,mucho
92,region_1,15mil_99999,no,hombre,35-44,secundaria,no_declaro,ocupado,si,particular,eficiente,lento,caro,inseguro,comodo,poco,poco
93,region_1,15mil_99999,no,mujer,55-64,primaria,no_declaro,ocupado,si,ninguno,eficiente,rapido,caro,seguro,comodo,no_contamina,nada
94,region_1,menos_2500,no,hombre,18-24,preparatoria,3-4sm,ocupado,si,particular,eficiente,rapido,barato,seguro,comodo,no_contamina,nada
95,region_3,100mil_mas,no,hombre,18-24,preparatoria,mas_6sm,ocupado,si,particular,eficiente,rapido,caro,inseguro,incomodo,poco,poco
96,region_4,menos_2500,no,hombre,35-44,primaria,no_declaro,ocupado,si,camion,eficiente,lento,barato,inseguro,comodo,mucho,algo
97,region_1,2500_14999,no,hombre,18-24,primaria,1-2sm,ocupado,si,camion,eficiente,rapido,barato,seguro,incomodo,poco,mucho
98,region_4,menos_2500,no,hombre,25-34,preparatoria,3-4sm,ocupado,si,particular,eficiente,lento,barato,inseguro,incomodo,mucho,algo
99,region_2,2500_14999,si,hombre,25-34,universidad,mas_6sm,ocupado,si,particular,eficiente,rapido,barato,inseguro,incomodo,algo,mucho
100,region_3,100mil_mas,no,mujer,45-54,secundaria,mas_6sm,ocupado,si,camion,eficiente,lento,caro,seguro,comodo,no_contamina,poco
101,region_3,100mil_mas,no,mujer,35-44,universidad,no_declaro,ocupado,si,particular,eficiente,rapido,barato,seguro,comodo,poco,poco
102,region_1,15mil_99999,no,hombre,35-44,secundaria,no_declaro,ocupado,si,ninguno,eficiente,rapido,barato,seguro,incomodo,algo,poco
103,region_3,100mil_mas,no,hombre,65+,ninguna,no_declaro,no_ocupado,si,particular,eficiente,lento,barato,seguro,comodo,algo,mucho
104,region_1,100mil_mas,no,mujer,45-54,primaria,2-3sm,ocupado,si,camion,eficiente,rapido,barato,inseguro,incomodo,mucho,mucho
105,region_1,15mil_99999,no,mujer,45-54,primaria,no_declaro,no_ocupado,si,particular,eficiente,rapido,barato,seguro,comodo,no_contamina,nada
106,region_3,100mil_mas,no,mujer,55-64,secundaria,mas_6sm,no_ocupado,si,particular,eficiente,rapido,barato,seguro,comodo,algo,algo
107,region_2,100mil_mas,si,hombre,65+,universidad,mas_6sm,no_ocupado,si,masivo,eficiente,rapido,barato,seguro,incomodo,algo,poco
108,region_3,100mil_mas,no,mujer,25-34,universidad,3-4sm,ocupado,si,particular,eficiente,rapido,caro,inseguro,comodo,no_contamina,poco
109,region_3,100mil_mas,no,hombre,35-44,universidad,5-6sm,ocupado,si,particular,eficiente,rapido,barato,seguro,comodo,poco,poco
110,region_3,100mil_mas,no,mujer,25-34,primaria,no_declaro,ocupado,si,particular,eficiente,rapido,barato,seguro,comodo,poco,poco
111,region_2,2500_14999,si,hombre,45-54,preparatoria,no_declaro,ocupado,si,particular,eficiente,rapido,caro,seguro,comodo,poco,poco
112,region_1,2500_14999,no,mujer,25-34,preparatoria,3-4sm,no_ocupado,si,particular,eficiente,lento,barato,inseguro,incomodo,poco,algo
113,region_3,100mil_mas,no,hombre,45-54,preparatoria,mas_6sm,ocupado,si,particular,eficiente,rapido,barato,seguro,comodo,poco,poco
114,region_2,100mil_mas,si,hombre,65+,secundaria,mas_6sm,ocupado,si,masivo,eficiente,rapido,barato,seguro,incomodo,poco,poco
115,region_1,100mil_mas,no,hombre,35-44,secundaria,mas_6sm,ocupado,si,particular,eficiente,rapido,barato,seguro,comodo,poco,algo
116,region_1,15mil_99999,no,hombre,45-54,preparatoria,no_declaro,ocupado,si,particular,eficiente,rapido,barato,seguro,comodo,no_contamina,nada
117,region_2,100mil_mas,si,hombre,45-54,universidad,mas_6sm,ocupado,si,particular,eficiente,rapido,barato,seguro,incomodo,mucho,mucho
118,region_2,100mil_mas,si,hombre,45-54,universidad,mas_6sm,ocupado,si,particular,eficiente,rapido,caro,seguro,comodo,algo,poco
120,region_2,100mil_mas,si,hombre,55-64,ninguna,mas_6sm,ocupado,si,activo,eficiente,rapido,caro,inseguro,incomodo,no_contamina,algo
121,region_3,15mil_99999,no,hombre,35-44,secundaria,mas_6sm,ocupado,si,particular,eficiente,rapido,caro,seguro,comodo,algo,mucho
122,region_4,100mil_mas,no,hombre,35-44,preparatoria,2-3sm,ocupado,si,particular,eficiente,rapido,barato,seguro,comodo,poco,poco
123,region_1,100mil_mas,no,mujer,45-54,preparatoria,mas_6sm,ocupado,si,camion,eficiente,rapido,barato,seguro,comodo,algo,algo
124,region_1,2500_14999,no,mujer,65+,ninguna,no_declaro,no_ocupado,si,ninguno,eficiente,lento,barato,inseguro,incomodo,algo,poco
125,region_1,100mil_mas,no,hombre,25-34,universidad,no_declaro,ocupado,si,particular,eficiente,lento,barato,seguro,comodo,poco,mucho
126,region_4,100mil_mas,no,hombre,25-34,preparatoria,4-5sm,ocupado,si,camion,eficiente,rapido,barato,seguro,incomodo,algo,algo
127,region_2,100mil_mas,si,mujer,35-44,ninguna,no_declaro,no_ocupado,si,particular,eficiente,rapido,barato,seguro,comodo,algo,mucho
128,region_4,2500_14999,no,hombre,55-64,preparatoria,no_declaro,ocupado,si,particular,eficiente,rapido,barato,seguro,comodo,algo,poco
129,region_2,100mil_mas,si,mujer,35-44,universidad,5-6sm,no_ocupado,si,particular,eficiente,lento,caro,inseguro,incomodo,poco,poco
130,region_2,100mil_mas,si,mujer,25-34,preparatoria,2-3sm,no_ocupado,si,particular,eficiente,lento,caro,inseguro,incomodo,poco,poco
131,region_1,100mil_mas,si,mujer,35-44,secundaria,no_declaro,no_ocupado,si,ninguno,eficiente,rapido,caro,inseguro,comodo,algo,algo
132,region_2,100mil_mas,si,hombre,35-44,universidad,no_declaro,ocupado,si,particular,eficiente,lento,caro,inseguro,incomodo,mucho,algo
133,region_1,100mil_mas,no,hombre,35-44,universidad,no_declaro,ocupado,si,particular,eficiente,rapido,caro,seguro,comodo,poco,algo
134,region_2,100mil_mas,si,hombre,65+,preparatoria,no_declaro,no_ocupado,si,particular,eficiente,rapido,barato,seguro,comodo,poco,mucho
135,region_1,100mil_mas,no,mujer,45-54,preparatoria,mas_6sm,ocupado,si,particular,eficiente,rapido,barato,seguro,comodo,poco,poco
136,region_4,menos_2500,no,hombre,18-24,preparatoria,mas_6sm,no_ocupado,si,camion,eficiente,lento,caro,seguro,incomodo,algo,poco
138,region_1,100mil_mas,no,hombre,45-54,secundaria,mas_6sm,ocupado,si,camion,eficiente,lento,caro,inseguro,incomodo,mucho,poco
139,region_2,100mil_mas,si,mujer,25-34,universidad,no_declaro,no_ocupado,si,particular,eficiente,rapido,barato,seguro,comodo,poco,algo
142,region_2,100mil_mas,si,hombre,18-24,secundaria,no_declaro,no_ocupado,si,particular,eficiente,rapido,barato,seguro,comodo,mucho,mucho
143,region_2,100mil_mas,si,hombre,35-44,universidad,no_declaro,ocupado,si,colectivo,eficiente,rapido,caro,inseguro,comodo,algo,mucho
146,region_3,15mil_99999,no,hombre,35-44,ninguna,3-4sm,ocupado,si,particular,eficiente,lento,barato,seguro,comodo,poco,nada
147,region_1,100mil_mas,no,hombre,55-64,secundaria,no_declaro,ocupado,si,particular,eficiente,rapido,barato,seguro,comodo,algo,poco
148,region_4,100mil_mas,no,mujer,18-24,secundaria,1-2sm,no_ocupado,no,colectivo,eficiente,rapido,barato,inseguro,incomodo,poco,poco
149,region_1,100mil_mas,no,mujer,25-34,preparatoria,4-5sm,no_ocupado,no,camion,eficiente,rapido,barato,seguro,comodo,mucho,mucho
150,region_1,100mil_mas,no,mujer,45-54,ninguna,mas_6sm,no_ocupado,no,camion,eficiente,rapido,barato,seguro,comodo,mucho,mucho
151,region_4,100mil_mas,no,hombre,25-34,preparatoria,1-2sm,ocupado,no,colectivo,eficiente,rapido,barato,seguro,comodo,algo,algo
153,region_4,100mil_mas,no,mujer,25-34,preparatoria,5-6sm,ocupado,no,colectivo,eficiente,rapido,barato,seguro,incomodo,mucho,mucho
154,region_3,100mil_mas,no,mujer,55-64,primaria,mas_6sm,no_ocupado,no,camion,eficiente,rapido,barato,seguro,comodo,no_contamina,poco
155,region_3,100mil_mas,no,hombre,18-24,preparatoria,mas_6sm,no_ocupado,no,camion,eficiente,rapido,barato,inseguro,incomodo,poco,poco
156,region_2,100mil_mas,si,hombre,35-44,preparatoria,3-4sm,ocupado,no,camion,eficiente,rapido,barato,inseguro,incomodo,poco,algo
157,region_2,100mil_mas,si,mujer,18-24,secundaria,no_declaro,no_ocupado,no,camion,eficiente,rapido,barato,seguro,comodo,algo,algo
158,region_2,100mil_mas,si,mujer,25-34,preparatoria,1-2sm,no_ocupado,no,camion,eficiente,rapido,barato,inseguro,incomodo,algo,mucho
159,region_1,100mil_mas,no,hombre,45-54,primaria,2-3sm,ocupado,no,camion,eficiente,rapido,barato,seguro,incomodo,algo,algo
160,region_1,100mil_mas,no,mujer,35-44,primaria,5-6sm,ocupado,no,camion,eficiente,rapido,barato,seguro,comodo,poco,poco
161,region_1,100mil_mas,no,hombre,25-34,ninguna,4-5sm,ocupado,no,camion,eficiente,lento,barato,seguro,incomodo,poco,algo
162,region_1,100mil_mas,no,mujer,25-34,secundaria,2-3sm,ocupado,no,camion,eficiente,rapido,caro,seguro,comodo,poco,poco
163,region_1,menos_2500,no,mujer,25-34,secundaria,1-2sm,no_ocupado,no,activo,eficiente,rapido,barato,seguro,comodo,mucho,nada
164,region_1,menos_2500,no,mujer,25-34,primaria,no_declaro,no_ocupado,no,camion,eficiente,rapido,caro,seguro,comodo,poco,algo
165,region_1,15mil_99999,si,mujer,45-54,secundaria,mas_6sm,ocupado,no,otros,eficiente,lento,barato,inseguro,incomodo,no_contamina,nada
166,region_1,15mil_99999,si,mujer,35-44,secundaria,3-4sm,no_ocupado,no,particular,eficiente,lento,caro,inseguro,comodo,no_contamina,nada
168,region_1,100mil_mas,si,mujer,25-34,primaria,3-4sm,no_ocupado,no,masivo,eficiente,rapido,barato,inseguro,comodo,poco,algo
169,region_2,100mil_mas,si,mujer,35-44,preparatoria,no_declaro,no_ocupado,no,masivo,eficiente,rapido,caro,seguro,incomodo,algo,algo
170,region_2,100mil_mas,si,hombre,35-44,secundaria,mas_6sm,ocupado,no,ninguno,eficiente,rapido,caro,inseguro,incomodo,algo,mucho
171,region_2,100mil_mas,si,hombre,35-44,ninguna,5-6sm,ocupado,no,masivo,eficiente,rapido,caro,inseguro,incomodo,algo,mucho
172,region_2,100mil_mas,si,mujer,25-34,preparatoria,2-3sm,ocupado,no,masivo,eficiente,rapido,caro,seguro,incomodo,poco,algo
173,region_2,2500_14999,si,hombre,65+,preparatoria,no_declaro,no_ocupado,no,colectivo,eficiente,rapido,caro,seguro,comodo,no_contamina,nada
174,region_2,2500_14999,si,hombre,65+,universidad,no_declaro,no_ocupado,no,demanda,eficiente,rapido,barato,seguro,comodo,poco,poco
175,region_2,2500_14999,si,hombre,45-54,secundaria,3-4sm,ocupado,no,colectivo,eficiente,rapido,barato,seguro,comodo,poco,poco
176,region_2,2500_14999,si,mujer,25-34,secundaria,4-5sm,no_ocupado,no,camion,eficiente,rapido,barato,seguro,comodo,algo,poco
177,region_2,2500_14999,si,hombre,25-34,secundaria,no_declaro,ocupado,no,colectivo,eficiente,rapido,barato,seguro,comodo,algo,algo
178,region_2,100mil_mas,si,hombre,65+,ninguna,no_declaro,ocupado,no,camion,eficiente,rapido,barato,seguro,comodo,poco,poco
179,region_2,100mil_mas,si,mujer,35-44,secundaria,2-3sm,no_ocupado,no,masivo,eficiente,lento,caro,inseguro,incomodo,algo,mucho
180,region_2,100mil_mas,si,mujer,65+,primaria,no_declaro,no_ocupado,no,ninguno,eficiente,rapido,barato,seguro,comodo,algo,algo
181,region_2,menos_2500,si,hombre,45-54,ninguna,1-2sm,ocupado,no,demanda,eficiente,rapido,barato,seguro,comodo,algo,poco
183,region_2,menos_2500,si,hombre,45-54,primaria,2-3sm,ocupado,no,ninguno,eficiente,rapido,barato,seguro,comodo,poco,poco
184,region_2,menos_2500,si,hombre,55-64,ninguna,mas_6sm,ocupado,no,otros,eficiente,rapido,caro,seguro,comodo,poco,poco
185,region_2,menos_2500,si,mujer,25-34,secundaria,2-3sm,no_ocupado,no,ninguno,eficiente,lento,caro,inseguro,incomodo,poco,poco
186,region_2,15mil_99999,si,mujer,25-34,secundaria,mas_6sm,ocupado,no,particular,eficiente,rapido,caro,inseguro,comodo,mucho,mucho
187,region_2,15mil_99999,si,mujer,25-34,preparatoria,4-5sm,no_ocupado,no,camion,eficiente,rapido,barato,seguro,incomodo,algo,algo
188,region_2,15mil_99999,si,mujer,25-34,secundaria,2-3sm,no_ocupado,no,demanda,eficiente,rapido,barato,seguro,comodo,algo,algo
189,region_2,100mil_mas,si,hombre,65+,ninguna,no_declaro,no_ocupado,no,camion,eficiente,rapido,caro,seguro,comodo,mucho,mucho
190,region_2,15mil_99999,si,hombre,65+,ninguna,mas_6sm,no_ocupado,no,ninguno,eficiente,rapido,caro,seguro,comodo,poco,algo
191,region_1,2500_14999,no,mujer,35-44,secundaria,1-2sm,no_ocupado,no,ninguno,eficiente,rapido,caro,seguro,comodo,no_contamina,poco
192,region_1,2500_14999,no,mujer,25-34,preparatoria,2-3sm,no_ocupado,no,ninguno,eficiente,rapido,barato,seguro,comodo,mucho,algo
193,region_1,15mil_99999,no,hombre,25-34,secundaria,3-4sm,ocupado,no,colectivo,eficiente,rapido,caro,inseguro,incomodo,algo,algo
194,region_3,100mil_mas,si,mujer,25-34,preparatoria,5-6sm,ocupado,no,ninguno,eficiente,rapido,barato,seguro,comodo,no_contamina,mucho
195,region_4,15mil_99999,no,mujer,35-44,primaria,mas_6sm,ocupado,no,demanda,eficiente,rapido,barato,inseguro,comodo,poco,algo
196,region_4,menos_2500,no,hombre,55-64,preparatoria,no_declaro,no_ocupado,no,demanda,eficiente,rapido,caro,seguro,comodo,poco,poco
197,region_1,100mil_mas,no,hombre,45-54,ninguna,4-5sm,ocupado,no,camion,eficiente,rapido,barato,seguro,comodo,poco,poco
198,region_1,100mil_mas,no,hombre,35-44,preparatoria,4-5sm,ocupado,no,camion,eficiente,rapido,barato,seguro,comodo,poco,poco
199,region_1,100mil_mas,no,mujer,18-24,secundaria,menos_1sm,ocupado,no,camion,eficiente,rapido,barato,seguro,comodo,poco,poco
200,region_1,100mil_mas,no,hombre,35-44,preparatoria,3-4sm,ocupado,no,camion,eficiente,rapido,barato,seguro,comodo,poco,poco
202,region_1,2500_14999,no,mujer,35-44,preparatoria,2-3sm,no_ocupado,no,camion,eficiente,rapido,caro,seguro,comodo,algo,nada
203,region_1,2500_14999,no,mujer,25-34,ninguna,1-2sm,no_ocupado,no,ninguno,eficiente,lento,caro,seguro,comodo,poco,poco
204,region_1,2500_14999,no,mujer,55-64,ninguna,1-2sm,no_ocupado,no,colectivo,eficiente,rapido,caro,seguro,incomodo,algo,nada
205,region_1,100mil_mas,no,hombre,35-44,preparatoria,3-4sm,ocupado,no,camion,eficiente,lento,caro,inseguro,incomodo,algo,algo
206,region_1,100mil_mas,no,mujer,18-24,secundaria,4-5sm,no_ocupado,no,colectivo,eficiente,lento,caro,inseguro,incomodo,algo,poco
207,region_1,2500_14999,no,hombre,25-34,secundaria,no_declaro,ocupado,no,camion,eficiente,rapido,caro,seguro,comodo,poco,mucho
208,region_1,2500_14999,no,hombre,45-54,preparatoria,3-4sm,ocupado,no,camion,eficiente,rapido,barato,seguro,comodo,algo,algo
209,region_4,100mil_mas,no,mujer,35-44,secundaria,2-3sm,no_ocupado,no,camion,eficiente,rapido,barato,seguro,comodo,poco,poco
210,region_4,100mil_mas,no,hombre,55-64,preparatoria,4-5sm,ocupado,no,colectivo,eficiente,lento,barato,inseguro,incomodo,poco,poco
211,region_4,100mil_mas,no,mujer,18-24,preparatoria,mas_6sm,ocupado,no,colectivo,eficiente,rapido,barato,seguro,comodo,no_contamina,poco
212,region_1,menos_2500,no,mujer,55-64,secundaria,no_declaro,no_ocupado,no,demanda,eficiente,rapido,caro,inseguro,incomodo,algo,mucho
213,region_3,100mil_mas,no,hombre,18-24,secundaria,mas_6sm,ocupado,no,ninguno,eficiente,lento,caro,seguro,comodo,poco,poco
214,region_3,100mil_mas,no,mujer,18-24,preparatoria,2-3sm,ocupado,no,camion,eficiente,lento,caro,inseguro,comodo,algo,poco
215,region_3,100mil_mas,no,mujer,35-44,secundaria,2-3sm,no_ocupado,no,particular,eficiente,lento,barato,inseguro,incomodo,algo,algo
216,region_3,2500_14999,no,hombre,25-34,preparatoria,4-5sm,ocupado,no,particular,eficiente,rapido,barato,seguro,comodo,algo,algo
217,region_3,100mil_mas,no,hombre,55-64,secundaria,3-4sm,ocupado,no,camion,eficiente,rapido,barato,seguro,comodo,poco,poco
218,region_3,15mil_99999,no,hombre,25-34,secundaria,5-6sm,ocupado,no,camion,eficiente,rapido,barato,seguro,comodo,algo,algo
219,region_3,15mil_99999,no,mujer,25-34,secundaria,3-4sm,no_ocupado,no,camion,eficiente,rapido,barato,inseguro,comodo,algo,algo
220,region_3,15mil_99999,no,hombre,45-54,primaria,5-6sm,ocupado,no,camion,eficiente,rapido,caro,seguro,comodo,algo,algo
221,region_3,100mil_mas,no,hombre,25-34,secundaria,1-2sm,ocupado,no,camion,eficiente,rapido,caro,seguro,comodo,algo,algo
222,region_3,100mil_mas,no,mujer,25-34,secundaria,5-6sm,ocupado,no,camion,eficiente,lento,caro,seguro,comodo,poco,poco
223,region_3,100mil_mas,no,hombre,55-64,primaria,no_declaro,no_ocupado,no,ninguno,eficiente,rapido,caro,seguro,comodo,poco,nada
224,region_3,100mil_mas,no,mujer,25-34,preparatoria,4-5sm,no_ocupado,no,camion,eficiente,rapido,caro,seguro,comodo,poco,poco
225,region_3,100mil_mas,no,hombre,25-34,preparatoria,2-3sm,ocupado,no,camion,eficiente,rapido,caro,seguro,comodo,poco,nada
226,region_1,menos_2500,no,mujer,45-54,secundaria,3-4sm,no_ocupado,no,colectivo,eficiente,rapido,caro,inseguro,comodo,algo,poco
227,region_4,2500_14999,no,mujer,25-34,preparatoria,menos_1sm,no_ocupado,no,camion,eficiente,rapido,barato,seguro,comodo,algo,algo
228,region_4,2500_14999,no,hombre,18-24,preparatoria,1-2sm,ocupado,no,camion,eficiente,rapido,barato,seguro,comodo,poco,poco
229,region_4,2500_14999,no,hombre,45-54,secundaria,2-3sm,ocupado,no,otros,eficiente,rapido,barato,seguro,comodo,poco,poco
230,region_4,2500_14999,no,mujer,55-64,ninguna,2-3sm,no_ocupado,no,camion,eficiente,rapido,barato,inseguro,incomodo,poco,poco
231,region_4,2500_14999,no,hombre,25-34,preparatoria,2-3sm,ocupado,no,otros,eficiente,rapido,barato,inseguro,incomodo,poco,poco
232,region_4,2500_14999,no,hombre,45-54,secundaria,mas_6sm,ocupado,no,demanda,eficiente,rapido,barato,seguro,comodo,no_contamina,nada
233,region_3,2500_14999,no,hombre,65+,primaria,no_declaro,no_ocupado,no,camion,eficiente,rapido,barato,inseguro,incomodo,mucho,poco
235,region_3,2500_14999,no,mujer,35-44,secundaria,mas_6sm,ocupado,no,camion,eficiente,rapido,caro,inseguro,incomodo,algo,mucho
236,region_3,2500_14999,no,mujer,18-24,preparatoria,2-3sm,no_ocupado,no,camion,eficiente,lento,barato,seguro,incomodo,algo,poco
237,region_4,15mil_99999,no,mujer,35-44,secundaria,5-6sm,ocupado,no,demanda,eficiente,rapido,caro,inseguro,comodo,poco,poco
238,region_3,100mil_mas,si,hombre,45-54,secundaria,mas_6sm,ocupado,no,camion,eficiente,lento,caro,inseguro,comodo,algo,mucho
239,region_1,100mil_mas,no,mujer,35-44,preparatoria,4-5sm,no_ocupado,no,camion,eficiente,rapido,barato,seguro,comodo,algo,poco
240,region_1,100mil_mas,no,mujer,25-34,secundaria,5-6sm,ocupado,no,camion,eficiente,rapido,barato,inseguro,incomodo,mucho,mucho
241,region_1,100mil_mas,no,hombre,25-34,preparatoria,4-5sm,ocupado,no,camion,eficiente,rapido,barato,inseguro,incomodo,mucho,mucho
242,region_1,100mil_mas,no,hombre,35-44,secundaria,mas_6sm,ocupado,no,camion,eficiente,lento,caro,seguro,comodo,mucho,mucho
243,region_1,100mil_mas,no,hombre,25-34,preparatoria,5-6sm,ocupado,no,camion,eficiente,rapido,barato,seguro,comodo,mucho,algo
244,region_4,menos_2500,no,mujer,25-34,primaria,1-2sm,ocupado,no,demanda,eficiente,rapido,barato,inseguro,comodo,poco,algo
245,region_4,menos_2500,no,hombre,25-34,preparatoria,1-2sm,ocupado,no,demanda,eficiente,rapido,barato,inseguro,incomodo,mucho,mucho
246,region_4,menos_2500,no,hombre,18-24,preparatoria,1-2sm,ocupado,no,colectivo,eficiente,rapido,barato,seguro,comodo,mucho,mucho
247,region_4,menos_2500,no,mujer,35-44,secundaria,1-2sm,no_ocupado,no,ninguno,eficiente,rapido,barato,seguro,comodo,mucho,mucho
248,region_4,menos_2500,no,mujer,35-44,ninguna,menos_1sm,no_ocupado,no,ninguno,eficiente,rapido,barato,seguro,comodo,mucho,mucho
249,region_4,menos_2500,no,mujer,35-44,primaria,2-3sm,no_ocupado,no,demanda,eficiente,rapido,barato,inseguro,incomodo,mucho,mucho
250,region_4,menos_2500,no,mujer,18-24,secundaria,1-2sm,no_ocupado,no,demanda,eficiente,lento,barato,seguro,comodo,mucho,algo
251,region_4,menos_2500,no,hombre,35-44,secundaria,1-2sm,ocupado,no,colectivo,eficiente,rapido,barato,seguro,comodo,mucho,algo
252,region_4,100mil_mas,no,hombre,35-44,secundaria,2-3sm,ocupado,no,colectivo,eficiente,rapido,barato,inseguro,incomodo,algo,poco
253,region_4,100mil_mas,no,hombre,55-64,preparatoria,1-2sm,ocupado,no,colectivo,eficiente,rapido,barato,inseguro,incomodo,algo,mucho
254,region_4,100mil_mas,no,hombre,18-24,secundaria,3-4sm,ocupado,no,colectivo,eficiente,rapido,barato,seguro,comodo,poco,poco
255,region_4,100mil_mas,no,hombre,25-34,preparatoria,3-4sm,ocupado,no,camion,eficiente,rapido,barato,seguro,comodo,no_contamina,poco
256,region_4,100mil_mas,no,mujer,35-44,secundaria,1-2sm,ocupado,no,colectivo,eficiente,lento,barato,inseguro,incomodo,mucho,mucho
257,region_4,100mil_mas,no,hombre,35-44,ninguna,2-3sm,ocupado,no,colectivo,eficiente,lento,barato,inseguro,incomodo,algo,poco
258,region_4,100mil_mas,no,mujer,45-54,secundaria,5-6sm,ocupado,no,colectivo,eficiente,rapido,barato,seguro,comodo,mucho,algo
259,region_4,100mil_mas,no,hombre,18-24,secundaria,4-5sm,ocupado,no,colectivo,eficiente,rapido,barato,seguro,comodo,algo,poco
260,region_4,100mil_mas,no,hombre,55-64,preparatoria,1-2sm,ocupado,no,colectivo,eficiente,rapido,barato,seguro,comodo,algo,poco
261,region_4,100mil_mas,no,mujer,25-34,secundaria,1-2sm,ocupado,no,camion,eficiente,rapido,caro,seguro,comodo,poco,poco
262,region_4,100mil_mas,no,hombre,55-64,ninguna,1-2sm,ocupado,no,colectivo,eficiente,rapido,caro,seguro,comodo,poco,poco
263,region_4,100mil_mas,no,mujer,25-34,ninguna,1-2sm,ocupado,no,colectivo,eficiente,rapido,barato,inseguro,incomodo,mucho,poco
264,region_4,100mil_mas,no,mujer,18-24,primaria,2-3sm,no_ocupado,no,colectivo,eficiente,rapido,barato,inseguro,incomodo,algo,algo
265,region_4,100mil_mas,no,hombre,35-44,preparatoria,1-2sm,ocupado,no,colectivo,eficiente,rapido,barato,seguro,incomodo,algo,algo
266,region_4,100mil_mas,no,mujer,45-54,secundaria,4-5sm,no_ocupado,no,camion,eficiente,rapido,barato,inseguro,incomodo,poco,poco
267,region_4,100mil_mas,no,mujer,35-44,secundaria,mas_6sm,no_ocupado,no,colectivo,eficiente,rapido,barato,inseguro,incomodo,poco,algo
268,region_4,100mil_mas,no,mujer,35-44,secundaria,2-3sm,no_ocupado,no,colectivo,eficiente,rapido,barato,seguro,comodo,poco,nada
269,region_4,100mil_mas,no,mujer,25-34,secundaria,1-2sm,ocupado,no,colectivo,eficiente,lento,barato,inseguro,comodo,poco,algo
270,region_4,100mil_mas,no,hombre,18-24,secundaria,2-3sm,ocupado,no,colectivo,eficiente,lento,caro,inseguro,incomodo,algo,mucho
271,region_4,100mil_mas,no,hombre,18-24,secundaria,no_declaro,ocupado,no,colectivo,eficiente,lento,barato,inseguro,incomodo,mucho,algo
272,region_4,100mil_mas,no,mujer,18-24,preparatoria,mas_6sm,no_ocupado,no,colectivo,eficiente,lento,barato,inseguro,incomodo,algo,algo
273,region_4,100mil_mas,no,hombre,65+,secundaria,3-4sm,ocupado,no,colectivo,eficiente,rapido,barato,inseguro,incomodo,poco,poco
274,region_4,100mil_mas,no,mujer,65+,primaria,1-2sm,ocupado,no,colectivo,eficiente,rapido,barato,inseguro,incomodo,poco,poco
275,region_4,100mil_mas,no,mujer,25-34,secundaria,1-2sm,no_ocupado,no,colectivo,eficiente,lento,barato,inseguro,comodo,no_contamina,algo
276,region_4,100mil_mas,no,mujer,25-34,primaria,2-3sm,no_ocupado,no,colectivo,eficiente,lento,barato,seguro,comodo,poco,poco
277,region_4,100mil_mas,no,hombre,65+,preparatoria,1-2sm,ocupado,no,colectivo,eficiente,rapido,barato,seguro,comodo,poco,nada
278,region_4,100mil_mas,no,mujer,55-64,primaria,3-4sm,ocupado,no,colectivo,eficiente,rapido,barato,inseguro,comodo,mucho,algo
279,region_4,100mil_mas,no,hombre,65+,primaria,3-4sm,ocupado,no,colectivo,eficiente,rapido,barato,seguro,comodo,poco,algo
280,region_4,100mil_mas,no,mujer,35-44,primaria,mas_6sm,ocupado,no,otros,eficiente,rapido,barato,inseguro,incomodo,poco,poco
281,region_4,100mil_mas,no,hombre,55-64,ninguna,4-5sm,ocupado,no,colectivo,eficiente,rapido,barato,seguro,incomodo,mucho,algo
282,region_4,100mil_mas,no,mujer,45-54,ninguna,3-4sm,no_ocupado,no,colectivo,eficiente,rapido,barato,seguro,comodo,poco,poco
283,region_3,100mil_mas,no,mujer,35-44,universidad,mas_6sm,ocupado,no,camion,eficiente,lento,caro,inseguro,incomodo,algo,algo
284,region_3,100mil_mas,no,mujer,25-34,preparatoria,mas_6sm,ocupado,no,camion,eficiente,rapido,caro,inseguro,incomodo,algo,poco
285,region_3,100mil_mas,no,mujer,35-44,preparatoria,mas_6sm,no_ocupado,no,camion,eficiente,lento,caro,inseguro,comodo,poco,algo
286,region_3,100mil_mas,no,hombre,25-34,universidad,mas_6sm,ocupado,no,demanda,eficiente,rapido,caro,seguro,comodo,poco,algo
287,region_3,100mil_mas,no,hombre,35-44,secundaria,4-5sm,ocupado,no,particular,eficiente,lento,caro,seguro,comodo,poco,algo
288,region_2,100mil_mas,si,hombre,35-44,preparatoria,mas_6sm,ocupado,no,camion,eficiente,lento,barato,inseguro,incomodo,algo,mucho
289,region_2,100mil_mas,si,hombre,55-64,ninguna,5-6sm,ocupado,no,ninguno,eficiente,rapido,barato,seguro,comodo,poco,algo
290,region_2,100mil_mas,si,mujer,35-44,secundaria,2-3sm,no_ocupado,no,camion,eficiente,rapido,barato,seguro,comodo,algo,algo
291,region_2,100mil_mas,si,hombre,35-44,preparatoria,2-3sm,ocupado,no,camion,eficiente,lento,barato,inseguro,incomodo,poco,mucho
292,region_2,100mil_mas,si,hombre,18-24,secundaria,mas_6sm,no_ocupado,no,masivo,eficiente,rapido,barato,inseguro,incomodo,algo,mucho
293,region_2,100mil_mas,si,mujer,18-24,secundaria,mas_6sm,no_ocupado,no,camion,eficiente,rapido,barato,inseguro,incomodo,mucho,mucho
294,region_2,100mil_mas,si,mujer,18-24,preparatoria,4-5sm,no_ocupado,no,colectivo,eficiente,rapido,caro,inseguro,comodo,algo,algo
295,region_2,100mil_mas,si,mujer,35-44,secundaria,no_declaro,no_ocupado,no,camion,eficiente,rapido,barato,seguro,comodo,mucho,algo
296,region_2,100mil_mas,si,hombre,45-54,preparatoria,mas_6sm,ocupado,no,camion,eficiente,rapido,barato,inseguro,incomodo,algo,algo
297,region_2,100mil_mas,si,hombre,18-24,secundaria,mas_6sm,no_ocupado,no,camion,eficiente,rapido,caro,inseguro,comodo,mucho,mucho
298,region_2,100mil_mas,si,hombre,55-64,preparatoria,no_declaro,ocupado,no,masivo,eficiente,rapido,caro,inseguro,incomodo,algo,algo
299,region_2,100mil_mas,si,mujer,45-54,secundaria,4-5sm,ocupado,no,masivo,eficiente,rapido,caro,inseguro,incomodo,algo,algo
300,region_3,100mil_mas,no,hombre,65+,preparatoria,no_declaro,no_ocupado,no,colectivo,eficiente,lento,barato,inseguro,comodo,mucho,mucho
301,region_3,100mil_mas,no,hombre,35-44,secundaria,3-4sm,ocupado,no,camion,eficiente,rapido,caro,inseguro,incomodo,poco,algo
302,region_3,100mil_mas,no,mujer,35-44,primaria,5-6sm,no_ocupado,no,camion,eficiente,lento,barato,inseguro,comodo,mucho,algo
303,region_3,100mil_mas,no,hombre,25-34,secundaria,4-5sm,ocupado,no,camion,eficiente,rapido,barato,seguro,comodo,algo,poco
304,region_1,100mil_mas,no,hombre,25-34,preparatoria,no_declaro,ocupado,no,camion,eficiente,rapido,barato,seguro,comodo,poco,poco
305,region_1,100mil_mas,no,mujer,35-44,primaria,2-3sm,no_ocupado,no,camion,eficiente,rapido,caro,seguro,comodo,algo,algo
306,region_1,100mil_mas,no,mujer,25-34,primaria,mas_6sm,ocupado,no,camion,eficiente,rapido,caro,inseguro,incomodo,mucho,algo
307,region_1,100mil_mas,no,mujer,18-24,secundaria,no_declaro,ocupado,no,camion,eficiente,rapido,barato,inseguro,comodo,poco,poco
308,region_1,100mil_mas,no,hombre,45-54,secundaria,no_declaro,ocupado,no,camion,eficiente,rapido,caro,inseguro,comodo,mucho,mucho
309,region_1,menos_2500,no,hombre,18-24,secundaria,2-3sm,ocupado,no,particular,eficiente,rapido,barato,inseguro,comodo,poco,nada
310,region_1,menos_2500,no,mujer,18-24,secundaria,no_declaro,no_ocupado,no,camion,eficiente,rapido,barato,seguro,comodo,algo,poco
311,region_4,15mil_99999,no,hombre,25-34,preparatoria,mas_6sm,ocupado,no,colectivo,eficiente,lento,caro,seguro,comodo,algo,poco
312,region_4,15mil_99999,no,hombre,45-54,ninguna,1-2sm,ocupado,no,camion,eficiente,rapido,caro,seguro,comodo,algo,algo
313,region_4,15mil_99999,no,hombre,35-44,secundaria,1-2sm,ocupado,no,camion,eficiente,rapido,caro,seguro,comodo,mucho,mucho
314,region_4,15mil_99999,no,mujer,18-24,preparatoria,mas_6sm,ocupado,no,camion,eficiente,lento,barato,seguro,comodo,mucho,algo
315,region_4,15mil_99999,no,mujer,35-44,secundaria,mas_6sm,ocupado,no,camion,eficiente,rapido,caro,seguro,incomodo,algo,poco
316,region_4,15mil_99999,no,hombre,45-54,secundaria,mas_6sm,ocupado,no,camion,eficiente,rapido,caro,inseguro,incomodo,mucho,algo
317,region_4,15mil_99999,no,hombre,55-64,primaria,no_declaro,no_ocupado,no,camion,eficiente,rapido,barato,seguro,comodo,algo,algo
318,region_4,15mil_99999,no,hombre,35-44,secundaria,5-6sm,ocupado,no,particular,eficiente,lento,barato,inseguro,comodo,mucho,mucho
319,region_4,15mil_99999,no,hombre,35-44,secundaria,4-5sm,ocupado,no,camion,eficiente,rapido,barato,inseguro,comodo,mucho,poco
320,region_4,15mil_99999,no,mujer,25-34,primaria,3-4sm,no_ocupado,no,camion,eficiente,lento,barato,inseguro,comodo,poco,algo
321,region_4,15mil_99999,no,hombre,55-64,primaria,2-3sm,ocupado,no,colectivo,eficiente,rapido,barato,inseguro,incomodo,poco,algo
323,region_4,menos_2500,no,hombre,55-64,ninguna,2-3sm,ocupado,no,camion,eficiente,rapido,caro,inseguro,comodo,algo,algo
324,region_4,menos_2500,no,hombre,65+,primaria,menos_1sm,ocupado,no,activo,eficiente,lento,caro,seguro,comodo,poco,algo
326,region_1,menos_2500,no,hombre,25-34,secundaria,no_declaro,ocupado,no,camion,eficiente,rapido,caro,seguro,comodo,algo,algo
327,region_1,menos_2500,no,mujer,35-44,secundaria,1-2sm,no_ocupado,no,colectivo,eficiente,rapido,barato,seguro,comodo,poco,algo
328,region_1,menos_2500,no,hombre,25-34,preparatoria,3-4sm,ocupado,no,camion,eficiente,lento,barato,inseguro,incomodo,poco,poco
329,region_1,menos_2500,no,hombre,35-44,secundaria,mas_6sm,ocupado,no,camion,eficiente,lento,caro,seguro,incomodo,mucho,poco
330,region_1,menos_2500,no,hombre,18-24,secundaria,mas_6sm,no_ocupado,no,colectivo,eficiente,rapido,caro,seguro,incomodo,mucho,algo
331,region_1,menos_2500,no,hombre,35-44,secundaria,mas_6sm,ocupado,no,camion,eficiente,lento,caro,seguro,incomodo,mucho,algo
332,region_1,15mil_99999,si,hombre,35-44,primaria,mas_6sm,ocupado,no,ninguno,eficiente,lento,caro,seguro,comodo,no_contamina,nada
333,region_1,15mil_99999,si,mujer,35-44,secundaria,1-2sm,no_ocupado,no,ninguno,eficiente,rapido,caro,inseguro,incomodo,mucho,algo
334,region_1,100mil_mas,si,hombre,45-54,primaria,no_declaro,ocupado,no,camion,eficiente,rapido,caro,inseguro,comodo,poco,algo
335,region_1,100mil_mas,si,mujer,25-34,universidad,no_declaro,ocupado,no,ninguno,eficiente,lento,caro,seguro,comodo,mucho,algo
336,region_1,100mil_mas,si,mujer,35-44,primaria,3-4sm,no_ocupado,no,camion,eficiente,rapido,barato,inseguro,incomodo,poco,poco
337,region_1,100mil_mas,si,mujer,35-44,secundaria,3-4sm,no_ocupado,no,ninguno,eficiente,rapido,barato,inseguro,incomodo,algo,algo
338,region_1,100mil_mas,si,hombre,25-34,primaria,4-5sm,ocupado,no,masivo,eficiente,rapido,barato,seguro,incomodo,algo,algo
339,region_1,100mil_mas,si,mujer,25-34,ninguna,2-3sm,no_ocupado,no,camion,eficiente,rapido,barato,inseguro,incomodo,algo,algo
340,region_1,100mil_mas,si,hombre,35-44,ninguna,3-4sm,ocupado,no,masivo,eficiente,rapido,barato,inseguro,comodo,mucho,mucho
341,region_1,100mil_mas,si,mujer,18-24,preparatoria,1-2sm,no_ocupado,no,ninguno,eficiente,lento,barato,seguro,incomodo,algo,algo
342,region_1,100mil_mas,si,hombre,35-44,primaria,2-3sm,ocupado,no,camion,eficiente,lento,barato,inseguro,incomodo,algo,algo
343,region_2,100mil_mas,si,hombre,18-24,secundaria,no_declaro,no_ocupado,no,ninguno,eficiente,rapido,barato,seguro,comodo,algo,algo
344,region_2,100mil_mas,si,hombre,25-34,secundaria,1-2sm,ocupado,no,masivo,eficiente,lento,barato,inseguro,incomodo,no_contamina,mucho
345,region_2,100mil_mas,si,hombre,35-44,secundaria,mas_6sm,ocupado,no,masivo,eficiente,rapido,barato,inseguro,comodo,algo,algo
346,region_2,100mil_mas,si,mujer,18-24,preparatoria,mas_6sm,no_ocupado,no,colectivo,eficiente,rapido,caro,inseguro,comodo,algo,mucho
347,region_2,100mil_mas,si,hombre,25-34,preparatoria,3-4sm,ocupado,no,masivo,eficiente,lento,caro,inseguro,incomodo,no_contamina,mucho
348,region_2,100mil_mas,si,hombre,35-44,secundaria,no_declaro,ocupado,no,masivo,eficiente,lento,caro,inseguro,incomodo,algo,mucho
349,region_2,100mil_mas,si,mujer,25-34,secundaria,3-4sm,no_ocupado,no,colectivo,eficiente,rapido,barato,seguro,comodo,algo,mucho
350,region_2,100mil_mas,si,hombre,45-54,secundaria,mas_6sm,ocupado,no,particular,eficiente,lento,caro,inseguro,incomodo,mucho,poco
351,region_2,100mil_mas,si,hombre,35-44,preparatoria,4-5sm,ocupado,no,masivo,eficiente,lento,caro,inseguro,comodo,poco,poco
352,region_2,2500_14999,si,hombre,25-34,secundaria,1-2sm,ocupado,no,colectivo,eficiente,rapido,barato,inseguro,incomodo,algo,nada
353,region_2,2500_14999,si,mujer,18-24,secundaria,3-4sm,no_ocupado,no,demanda,eficiente,rapido,caro,seguro,comodo,no_contamina,nada
354,region_2,2500_14999,si,hombre,35-44,secundaria,1-2sm,ocupado,no,colectivo,eficiente,rapido,barato,inseguro,incomodo,poco,poco
355,region_2,2500_14999,si,mujer,25-34,secundaria,no_declaro,no_ocupado,no,demanda,eficiente,rapido,caro,inseguro,comodo,no_contamina,nada
356,region_2,2500_14999,si,hombre,35-44,preparatoria,3-4sm,ocupado,no,colectivo,eficiente,rapido,caro,inseguro,comodo,algo,poco
357,region_2,2500_14999,si,hombre,18-24,secundaria,2-3sm,no_ocupado,no,colectivo,eficiente,rapido,caro,seguro,comodo,algo,algo
358,region_2,2500_14999,si,hombre,18-24,preparatoria,no_declaro,no_ocupado,no,otros,eficiente,rapido,caro,seguro,comodo,algo,mucho
359,region_2,2500_14999,si,hombre,35-44,preparatoria,2-3sm,ocupado,no,colectivo,eficiente,rapido,caro,seguro,comodo,algo,algo
360,region_2,2500_14999,si,hombre,25-34,secundaria,2-3sm,ocupado,no,camion,eficiente,lento,caro,inseguro,comodo,mucho,mucho
361,region_2,2500_14999,si,hombre,35-44,secundaria,5-6sm,ocupado,no,camion,eficiente,rapido,barato,seguro,comodo,poco,poco
362,region_2,2500_14999,si,hombre,25-34,preparatoria,3-4sm,ocupado,no,masivo,eficiente,rapido,barato,seguro,incomodo,no_contamina,algo
363,region_2,2500_14999,si,mujer,25-34,preparatoria,mas_6sm,ocupado,no,colectivo,eficiente,rapido,caro,inseguro,comodo,poco,algo
364,region_2,2500_14999,si,mujer,35-44,preparatoria,5-6sm,ocupado,no,camion,eficiente,rapido,caro,inseguro,incomodo,mucho,algo
365,region_2,2500_14999,si,hombre,25-34,preparatoria,4-5sm,ocupado,no,camion,eficiente,rapido,barato,seguro,comodo,poco,nada
366,region_2,2500_14999,si,hombre,25-34,universidad,mas_6sm,ocupado,no,masivo,eficiente,rapido,barato,inseguro,incomodo,no_contamina,mucho
367,region_2,2500_14999,si,hombre,25-34,preparatoria,4-5sm,ocupado,no,colectivo,eficiente,rapido,barato,inseguro,incomodo,algo,poco
368,region_2,100mil_mas,si,hombre,65+,ninguna,4-5sm,no_ocupado,no,ninguno,eficiente,lento,caro,inseguro,incomodo,mucho,algo
369,region_2,100mil_mas,si,hombre,45-54,secundaria,3-4sm,ocupado,no,ninguno,eficiente,rapido,barato,seguro,incomodo,algo,poco
370,region_2,menos_2500,si,hombre,55-64,primaria,2-3sm,ocupado,no,colectivo,eficiente,rapido,barato,seguro,comodo,no_contamina,poco
371,region_2,menos_2500,si,mujer,45-54,primaria,no_declaro,no_ocupado,no,otros,eficiente,lento,barato,seguro,comodo,algo,algo
372,region_2,menos_2500,si,mujer,45-54,ninguna,5-6sm,ocupado,no,otros,eficiente,lento,caro,seguro,comodo,algo,poco
373,region_2,menos_2500,si,mujer,45-54,ninguna,3-4sm,no_ocupado,no,masivo,eficiente,lento,caro,inseguro,incomodo,algo,poco
374,region_2,15mil_99999,si,hombre,45-54,primaria,5-6sm,ocupado,no,colectivo,eficiente,lento,caro,inseguro,incomodo,algo,mucho
375,region_2,100mil_mas,si,hombre,35-44,universidad,mas_6sm,ocupado,no,camion,eficiente,rapido,caro,inseguro,comodo,poco,mucho
376,region_2,100mil_mas,si,hombre,18-24,secundaria,mas_6sm,no_ocupado,no,masivo,eficiente,rapido,barato,seguro,comodo,poco,mucho
377,region_2,100mil_mas,si,mujer,18-24,secundaria,mas_6sm,no_ocupado,no,masivo,eficiente,rapido,barato,seguro,comodo,no_contamina,mucho
378,region_2,100mil_mas,si,hombre,18-24,primaria,mas_6sm,ocupado,no,camion,eficiente,rapido,caro,seguro,comodo,mucho,mucho
379,region_2,100mil_mas,si,hombre,35-44,preparatoria,1-2sm,ocupado,no,masivo,eficiente,lento,barato,seguro,comodo,mucho,mucho
380,region_2,100mil_mas,si,hombre,35-44,preparatoria,3-4sm,ocupado,no,colectivo,eficiente,rapido,caro,inseguro,comodo,algo,algo
381,region_2,100mil_mas,si,mujer,35-44,universidad,no_declaro,ocupado,no,camion,eficiente,lento,caro,inseguro,comodo,algo,algo
382,region_2,100mil_mas,si,hombre,25-34,secundaria,mas_6sm,ocupado,no,masivo,eficiente,rapido,barato,inseguro,incomodo,mucho,mucho
383,region_2,100mil_mas,si,hombre,25-34,preparatoria,no_declaro,ocupado,no,camion,eficiente,rapido,caro,seguro,comodo,poco,algo
384,region_2,100mil_mas,si,hombre,18-24,primaria,mas_6sm,no_ocupado,no,camion,eficiente,rapido,caro,inseguro,incomodo,algo,algo
385,region_2,100mil_mas,si,hombre,18-24,preparatoria,no_declaro,no_ocupado,no,demanda,eficiente,lento,barato,inseguro,incomodo,poco,mucho
386,region_2,100mil_mas,si,mujer,35-44,preparatoria,1-2sm,ocupado,no,camion,eficiente,rapido,caro,seguro,comodo,algo,mucho
387,region_2,15mil_99999,si,mujer,25-34,secundaria,3-4sm,ocupado,no,activo,eficiente,rapido,barato,seguro,incomodo,mucho,algo
388,region_2,15mil_99999,si,mujer,18-24,primaria,2-3sm,no_ocupado,no,ninguno,eficiente,rapido,caro,inseguro,incomodo,poco,mucho
389,region_2,15mil_99999,si,mujer,18-24,secundaria,no_declaro,no_ocupado,no,camion,eficiente,lento,caro,seguro,incomodo,algo,poco
390,region_2,15mil_99999,si,hombre,18-24,secundaria,3-4sm,ocupado,no,camion,eficiente,lento,caro,seguro,comodo,algo,algo
391,region_2,15mil_99999,si,hombre,35-44,primaria,3-4sm,ocupado,no,camion,eficiente,rapido,caro,seguro,incomodo,algo,algo
392,region_2,15mil_99999,si,mujer,18-24,secundaria,2-3sm,no_ocupado,no,ninguno,eficiente,rapido,caro,inseguro,comodo,algo,algo
393,region_1,15mil_99999,no,hombre,18-24,preparatoria,no_declaro,ocupado,no,otros,eficiente,rapido,barato,seguro,incomodo,poco,poco
394,region_1,2500_14999,no,hombre,65+,ninguna,no_declaro,no_ocupado,no,ninguno,eficiente,rapido,barato,seguro,comodo,no_contamina,poco
395,region_1,2500_14999,no,mujer,35-44,primaria,no_declaro,no_ocupado,no,ninguno,eficiente,rapido,barato,seguro,comodo,no_contamina,poco
396,region_1,2500_14999,no,mujer,35-44,secundaria,no_declaro,no_ocupado,no,ninguno,eficiente,lento,barato,seguro,comodo,poco,algo
397,region_1,2500_14999,no,mujer,55-64,primaria,3-4sm,no_ocupado,no,ninguno,eficiente,lento,barato,inseguro,comodo,poco,algo
398,region_1,15mil_99999,no,hombre,35-44,primaria,3-4sm,ocupado,no,ninguno,eficiente,rapido,caro,seguro,incomodo,mucho,poco
400,region_1,15mil_99999,no,hombre,25-34,secundaria,3-4sm,ocupado,no,colectivo,eficiente,rapido,barato,seguro,comodo,algo,poco
401,region_1,15mil_99999,no,mujer,35-44,secundaria,5-6sm,no_ocupado,no,ninguno,eficiente,lento,barato,seguro,incomodo,algo,algo
402,region_1,15mil_99999,no,mujer,18-24,secundaria,4-5sm,no_ocupado,no,colectivo,eficiente,rapido,barato,seguro,comodo,poco,poco
403,region_1,15mil_99999,no,mujer,45-54,primaria,3-4sm,no_ocupado,no,colectivo,eficiente,lento,barato,seguro,incomodo,poco,poco
404,region_1,15mil_99999,no,hombre,18-24,secundaria,3-4sm,no_ocupado,no,colectivo,eficiente,rapido,caro,seguro,incomodo,poco,nada
405,region_1,15mil_99999,no,mujer,18-24,preparatoria,2-3sm,no_ocupado,no,colectivo,eficiente,rapido,barato,seguro,comodo,poco,nada
406,region_1,15mil_99999,no,hombre,25-34,preparatoria,5-6sm,ocupado,no,colectivo,eficiente,lento,barato,inseguro,incomodo,mucho,algo
407,region_1,15mil_99999,no,mujer,18-24,preparatoria,2-3sm,no_ocupado,no,ninguno,eficiente,rapido,caro,seguro,incomodo,algo,poco
408,region_3,100mil_mas,si,hombre,18-24,secundaria,no_declaro,ocupado,no,camion,eficiente,rapido,caro,inseguro,comodo,algo,algo
409,region_3,100mil_mas,si,mujer,35-44,secundaria,mas_6sm,ocupado,no,masivo,eficiente,rapido,barato,seguro,comodo,mucho,mucho
410,region_3,100mil_mas,si,hombre,45-54,universidad,mas_6sm,ocupado,no,masivo,eficiente,rapido,barato,seguro,comodo,no_contamina,algo
411,region_3,100mil_mas,si,hombre,35-44,secundaria,3-4sm,ocupado,no,masivo,eficiente,lento,barato,inseguro,incomodo,mucho,mucho
412,region_3,100mil_mas,si,hombre,25-34,preparatoria,mas_6sm,ocupado,no,masivo,eficiente,rapido,barato,inseguro,incomodo,mucho,algo
413,region_3,100mil_mas,si,hombre,25-34,secundaria,4-5sm,ocupado,no,masivo,eficiente,lento,caro,inseguro,incomodo,mucho,mucho
414,region_3,100mil_mas,si,hombre,45-54,ninguna,5-6sm,ocupado,no,camion,eficiente,lento,caro,inseguro,incomodo,mucho,mucho
415,region_3,100mil_mas,si,hombre,35-44,secundaria,3-4sm,ocupado,no,camion,eficiente,rapido,barato,seguro,comodo,mucho,mucho
416,region_3,100mil_mas,si,hombre,45-54,secundaria,mas_6sm,ocupado,no,camion,eficiente,rapido,barato,inseguro,incomodo,no_contamina,algo
417,region_3,100mil_mas,si,mujer,25-34,secundaria,5-6sm,ocupado,no,masivo,eficiente,rapido,barato,inseguro,incomodo,no_contamina,mucho
418,region_3,100mil_mas,si,hombre,45-54,preparatoria,5-6sm,ocupado,no,otros,eficiente,rapido,barato,seguro,comodo,algo,algo
419,region_4,15mil_99999,no,mujer,65+,ninguna,2-3sm,ocupado,no,demanda,eficiente,lento,barato,inseguro,comodo,algo,algo
420,region_4,15mil_99999,no,mujer,18-24,secundaria,1-2sm,no_ocupado,no,demanda,eficiente,rapido,barato,seguro,comodo,algo,algo
421,region_4,15mil_99999,no,hombre,25-34,secundaria,1-2sm,ocupado,no,demanda,eficiente,rapido,barato,inseguro,comodo,poco,algo
422,region_4,15mil_99999,no,hombre,25-34,secundaria,1-2sm,ocupado,no,demanda,eficiente,lento,barato,inseguro,incomodo,mucho,mucho
423,region_4,15mil_99999,no,mujer,18-24,secundaria,1-2sm,no_ocupado,no,demanda,eficiente,rapido,barato,inseguro,incomodo,mucho,mucho
424,region_4,15mil_99999,no,hombre,45-54,ninguna,1-2sm,ocupado,no,demanda,eficiente,rapido,caro,inseguro,incomodo,poco,poco
425,region_4,15mil_99999,no,hombre,25-34,secundaria,2-3sm,ocupado,no,camion,eficiente,rapido,barato,seguro,incomodo,poco,poco
426,region_4,15mil_99999,no,mujer,18-24,secundaria,1-2sm,no_ocupado,no,demanda,eficiente,rapido,barato,seguro,comodo,algo,mucho
428,region_4,15mil_99999,no,mujer,18-24,secundaria,1-2sm,no_ocupado,no,demanda,eficiente,rapido,barato,seguro,comodo,algo,algo
429,region_4,15mil_99999,no,hombre,35-44,secundaria,1-2sm,ocupado,no,demanda,eficiente,rapido,barato,inseguro,comodo,algo,algo
430,region_4,15mil_99999,no,mujer,25-34,primaria,1-2sm,no_ocupado,no,demanda,eficiente,rapido,barato,seguro,comodo,algo,poco
431,region_4,15mil_99999,no,mujer,35-44,primaria,1-2sm,no_ocupado,no,demanda,eficiente,rapido,barato,inseguro,comodo,algo,algo
432,region_4,15mil_99999,no,hombre,35-44,secundaria,2-3sm,ocupado,no,demanda,eficiente,lento,barato,seguro,comodo,mucho,mucho
433,region_4,15mil_99999,no,mujer,25-34,secundaria,1-2sm,no_ocupado,no,demanda,eficiente,lento,barato,inseguro,comodo,algo,algo
434,region_4,15mil_99999,no,mujer,45-54,primaria,3-4sm,no_ocupado,no,demanda,eficiente,rapido,barato,seguro,comodo,no_contamina,nada
435,region_4,15mil_99999,no,hombre,35-44,preparatoria,2-3sm,ocupado,no,demanda,eficiente,lento,barato,inseguro,comodo,no_contamina,poco
436,region_4,15mil_99999,no,hombre,25-34,secundaria,1-2sm,ocupado,no,demanda,eficiente,rapido,barato,seguro,comodo,algo,algo
437,region_4,15mil_99999,no,hombre,45-54,primaria,2-3sm,ocupado,no,demanda,eficiente,rapido,caro,inseguro,comodo,poco,poco
438,region_4,15mil_99999,no,hombre,25-34,secundaria,1-2sm,ocupado,no,demanda,eficiente,rapido,barato,seguro,comodo,algo,poco
439,region_4,menos_2500,no,hombre,18-24,preparatoria,2-3sm,no_ocupado,no,colectivo,eficiente,rapido,barato,inseguro,incomodo,algo,poco
440,region_4,menos_2500,no,hombre,35-44,preparatoria,no_declaro,ocupado,no,colectivo,eficiente,rapido,barato,seguro,comodo,algo,poco
441,region_4,menos_2500,no,mujer,18-24,preparatoria,2-3sm,no_ocupado,no,colectivo,eficiente,rapido,caro,seguro,comodo,mucho,algo
442,region_1,100mil_mas,no,hombre,45-54,preparatoria,mas_6sm,ocupado,no,camion,eficiente,rapido,barato,seguro,comodo,poco,nada
443,region_1,100mil_mas,no,hombre,35-44,secundaria,5-6sm,ocupado,no,camion,eficiente,rapido,barato,seguro,comodo,algo,algo
445,region_1,100mil_mas,no,hombre,55-64,secundaria,mas_6sm,ocupado,no,camion,eficiente,rapido,caro,seguro,incomodo,mucho,algo
446,region_1,100mil_mas,no,hombre,45-54,secundaria,3-4sm,ocupado,no,camion,eficiente,rapido,barato,seguro,comodo,poco,poco
447,region_1,100mil_mas,no,hombre,25-34,universidad,mas_6sm,ocupado,no,masivo,eficiente,rapido,barato,seguro,comodo,algo,mucho
448,region_1,100mil_mas,no,mujer,55-64,secundaria,mas_6sm,ocupado,no,colectivo,eficiente,lento,barato,seguro,comodo,algo,nada
449,region_1,2500_14999,no,hombre,18-24,secundaria,1-2sm,ocupado,no,camion,eficiente,rapido,caro,inseguro,incomodo,mucho,mucho
450,region_1,2500_14999,no,mujer,25-34,secundaria,mas_6sm,ocupado,no,camion,eficiente,rapido,caro,inseguro,comodo,algo,algo
451,region_1,2500_14999,no,mujer,55-64,ninguna,1-2sm,no_ocupado,no,colectivo,eficiente,rapido,caro,inseguro,comodo,poco,poco
452,region_1,2500_14999,no,mujer,65+,ninguna,2-3sm,ocupado,no,camion,eficiente,rapido,caro,seguro,comodo,poco,nada
453,region_1,2500_14999,no,mujer,25-34,secundaria,menos_1sm,no_ocupado,no,camion,eficiente,lento,caro,seguro,incomodo,algo,poco
454,region_1,100mil_mas,no,mujer,18-24,secundaria,mas_6sm,ocupado,no,camion,eficiente,rapido,caro,inseguro,incomodo,algo,algo
455,region_1,100mil_mas,no,hombre,25-34,preparatoria,3-4sm,ocupado,no,camion,eficiente,lento,caro,inseguro,incomodo,algo,algo
456,region_1,100mil_mas,no,hombre,18-24,secundaria,mas_6sm,ocupado,no,colectivo,eficiente,rapido,caro,inseguro,incomodo,algo,algo
457,region_1,100mil_mas,no,mujer,35-44,secundaria,3-4sm,ocupado,no,camion,eficiente,rapido,caro,inseguro,incomodo,algo,algo
458,region_1,2500_14999,no,hombre,18-24,preparatoria,5-6sm,ocupado,no,camion,eficiente,rapido,caro,seguro,comodo,poco,mucho
459,region_1,2500_14999,no,mujer,25-34,preparatoria,2-3sm,no_ocupado,no,particular,eficiente,rapido,barato,inseguro,incomodo,poco,poco
460,region_1,2500_14999,no,mujer,35-44,secundaria,2-3sm,no_ocupado,no,camion,eficiente,rapido,barato,inseguro,incomodo,algo,algo
461,region_1,2500_14999,no,hombre,18-24,secundaria,no_declaro,no_ocupado,no,ninguno,eficiente,rapido,barato,seguro,comodo,no_contamina,mucho
462,region_1,2500_14999,no,mujer,25-34,preparatoria,3-4sm,no_ocupado,no,particular,eficiente,lento,barato,inseguro,incomodo,poco,algo
463,region_1,2500_14999,no,hombre,18-24,preparatoria,5-6sm,no_ocupado,no,camion,eficiente,rapido,barato,seguro,comodo,no_contamina,poco
464,region_1,2500_14999,no,hombre,25-34,preparatoria,2-3sm,ocupado,no,particular,eficiente,rapido,barato,seguro,comodo,poco,mucho
465,region_4,100mil_mas,no,hombre,18-24,preparatoria,mas_6sm,ocupado,no,particular,eficiente,rapido,barato,seguro,comodo,poco,poco
466,region_4,100mil_mas,no,hombre,18-24,preparatoria,4-5sm,ocupado,no,camion,eficiente,rapido,barato,inseguro,incomodo,poco,nada
467,region_4,100mil_mas,no,mujer,25-34,universidad,mas_6sm,ocupado,no,particular,eficiente,rapido,caro,seguro,comodo,no_contamina,nada
468,region_4,100mil_mas,no,hombre,18-24,preparatoria,mas_6sm,ocupado,no,colectivo,eficiente,rapido,barato,seguro,comodo,no_contamina,poco
469,region_4,100mil_mas,no,hombre,45-54,secundaria,3-4sm,ocupado,no,ninguno,eficiente,rapido,barato,seguro,comodo,no_contamina,poco
470,region_4,100mil_mas,no,hombre,18-24,preparatoria,mas_6sm,ocupado,no,particular,eficiente,rapido,barato,inseguro,comodo,no_contamina,poco
471,region_4,100mil_mas,no,hombre,55-64,primaria,mas_6sm,ocupado,no,colectivo,eficiente,rapido,barato,inseguro,incomodo,poco,poco
472,region_4,100mil_mas,no,mujer,25-34,preparatoria,3-4sm,no_ocupado,no,masivo,eficiente,rapido,barato,inseguro,incomodo,poco,poco
473,region_4,100mil_mas,no,mujer,55-64,secundaria,4-5sm,ocupado,no,camion,eficiente,rapido,barato,seguro,comodo,algo,poco
474,region_4,100mil_mas,no,mujer,18-24,preparatoria,no_declaro,no_ocupado,no,colectivo,eficiente,rapido,barato,seguro,comodo,algo,algo
475,region_4,100mil_mas,no,hombre,25-34,preparatoria,5-6sm,ocupado,no,camion,eficiente,lento,barato,inseguro,incomodo,poco,algo
476,region_1,menos_2500,no,hombre,35-44,secundaria,1-2sm,ocupado,no,camion,eficiente,rapido,caro,inseguro,incomodo,poco,algo
477,region_1,menos_2500,no,hombre,35-44,preparatoria,4-5sm,ocupado,no,camion,eficiente,rapido,barato,inseguro,incomodo,algo,algo
478,region_1,menos_2500,no,hombre,55-64,primaria,4-5sm,ocupado,no,camion,eficiente,rapido,barato,seguro,comodo,algo,poco
479,region_3,100mil_mas,no,hombre,25-34,secundaria,3-4sm,ocupado,no,particular,eficiente,lento,barato,inseguro,incomodo,no_contamina,algo
480,region_3,100mil_mas,no,hombre,45-54,primaria,no_declaro,no_ocupado,no,ninguno,eficiente,rapido,barato,seguro,comodo,algo,poco
481,region_3,menos_2500,no,hombre,35-44,ninguna,3-4sm,ocupado,no,otros,eficiente,rapido,barato,seguro,comodo,algo,poco
482,region_3,2500_14999,no,hombre,18-24,universidad,mas_6sm,no_ocupado,no,camion,eficiente,rapido,barato,seguro,comodo,mucho,mucho
483,region_3,2500_14999,no,hombre,18-24,secundaria,no_declaro,no_ocupado,no,particular,eficiente,rapido,barato,inseguro,incomodo,algo,algo
485,region_3,2500_14999,no,hombre,35-44,preparatoria,5-6sm,ocupado,no,camion,eficiente,rapido,barato,seguro,comodo,mucho,mucho
486,region_3,15mil_99999,no,mujer,25-34,secundaria,menos_1sm,ocupado,no,camion,eficiente,lento,caro,seguro,comodo,poco,algo
487,region_3,100mil_mas,no,mujer,45-54,ninguna,no_declaro,no_ocupado,no,ninguno,eficiente,rapido,caro,inseguro,incomodo,algo,algo
488,region_3,100mil_mas,no,hombre,45-54,secundaria,1-2sm,ocupado,no,camion,eficiente,rapido,barato,seguro,incomodo,algo,algo
490,region_3,100mil_mas,no,hombre,45-54,primaria,1-2sm,ocupado,no,ninguno,eficiente,rapido,barato,seguro,comodo,mucho,poco
491,region_3,100mil_mas,no,mujer,18-24,preparatoria,no_declaro,no_ocupado,no,camion,eficiente,lento,barato,seguro,incomodo,mucho,algo
492,region_3,100mil_mas,no,hombre,18-24,preparatoria,no_declaro,no_ocupado,no,ninguno,eficiente,rapido,barato,inseguro,incomodo,no_contamina,algo
493,region_3,menos_2500,no,mujer,18-24,primaria,no_declaro,no_ocupado,no,ninguno,eficiente,rapido,barato,seguro,comodo,no_contamina,nada
494,region_3,menos_2500,no,hombre,35-44,secundaria,4-5sm,ocupado,no,activo,eficiente,lento,caro,inseguro,comodo,no_contamina,poco
496,region_3,15mil_99999,no,hombre,25-34,secundaria,5-6sm,ocupado,no,camion,eficiente,rapido,barato,seguro,comodo,mucho,algo
497,region_3,15mil_99999,no,mujer,18-24,preparatoria,no_declaro,no_ocupado,no,colectivo,eficiente,rapido,barato,seguro,comodo,algo,algo
498,region_3,15mil_99999,no,mujer,25-34,secundaria,no_declaro,ocupado,no,particular,eficiente,rapido,caro,inseguro,comodo,algo,mucho
499,region_3,15mil_99999,no,hombre,18-24,primaria,3-4sm,ocupado,no,camion,eficiente,rapido,barato,inseguro,comodo,mucho,algo
500,region_3,15mil_99999,no,hombre,45-54,secundaria,no_declaro,ocupado,no,particular,eficiente,lento,caro,inseguro,incomodo,mucho,algo
501,region_3,15mil_99999,no,mujer,18-24,secundaria,3-4sm,no_ocupado,no,camion,eficiente,lento,barato,inseguro,comodo,algo,mucho
502,region_3,15mil_99999,no,hombre,18-24,preparatoria,no_declaro,no_ocupado,no,colectivo,eficiente,rapido,barato,seguro,comodo,algo,algo
503,region_3,100mil_mas,no,mujer,35-44,primaria,4-5sm,ocupado,no,camion,eficiente,rapido,barato,seguro,incomodo,poco,poco
504,region_3,100mil_mas,no,hombre,25-34,preparatoria,2-3sm,ocupado,no,camion,eficiente,rapido,caro,seguro,comodo,poco,poco
505,region_3,100mil_mas,no,hombre,25-34,preparatoria,no_declaro,ocupado,no,camion,eficiente,lento,barato,seguro,comodo,mucho,algo
507,region_3,100mil_mas,no,mujer,25-34,secundaria,2-3sm,no_ocupado,no,ninguno,eficiente,rapido,barato,seguro,comodo,poco,poco
508,region_3,100mil_mas,no,mujer,25-34,secundaria,3-4sm,ocupado,no,camion,eficiente,rapido,caro,seguro,comodo,poco,poco
509,region_3,100mil_mas,no,hombre,35-44,universidad,mas_6sm,ocupado,no,camion,eficiente,rapido,barato,seguro,comodo,poco,poco
510,region_3,100mil_mas,no,mujer,18-24,secundaria,2-3sm,no_ocupado,no,camion,eficiente,rapido,barato,seguro,comodo,algo,poco
511,region_3,100mil_mas,no,hombre,25-34,secundaria,no_declaro,ocupado,no,camion,eficiente,lento,caro,seguro,incomodo,mucho,mucho
512,region_1,menos_2500,no,mujer,18-24,preparatoria,mas_6sm,no_ocupado,no,colectivo,eficiente,rapido,caro,seguro,comodo,algo,poco
513,region_1,menos_2500,no,hombre,25-34,preparatoria,2-3sm,ocupado,no,colectivo,eficiente,rapido,caro,seguro,comodo,mucho,poco
514,region_1,menos_2500,no,hombre,35-44,preparatoria,5-6sm,ocupado,no,colectivo,eficiente,rapido,caro,seguro,comodo,algo,nada
515,region_1,menos_2500,no,hombre,35-44,secundaria,2-3sm,ocupado,no,camion,eficiente,lento,caro,seguro,comodo,mucho,nada
516,region_4,2500_14999,no,mujer,35-44,preparatoria,2-3sm,no_ocupado,no,colectivo,eficiente,rapido,barato,seguro,comodo,poco,poco
517,region_4,2500_14999,no,hombre,45-54,preparatoria,mas_6sm,ocupado,no,colectivo,eficiente,rapido,barato,seguro,comodo,poco,poco
518,region_4,2500_14999,no,mujer,35-44,preparatoria,menos_1sm,no_ocupado,no,camion,eficiente,rapido,barato,seguro,comodo,algo,poco
519,region_4,2500_14999,no,mujer,18-24,preparatoria,1-2sm,no_ocupado,no,camion,eficiente,lento,barato,inseguro,incomodo,algo,algo
520,region_4,2500_14999,no,hombre,35-44,preparatoria,mas_6sm,ocupado,no,camion,eficiente,rapido,barato,seguro,comodo,algo,algo
521,region_4,2500_14999,no,mujer,45-54,preparatoria,1-2sm,no_ocupado,no,demanda,eficiente,rapido,barato,seguro,comodo,poco,poco
522,region_4,2500_14999,no,mujer,25-34,preparatoria,1-2sm,no_ocupado,no,camion,eficiente,lento,barato,seguro,comodo,algo,algo
523,region_4,2500_14999,no,hombre,25-34,preparatoria,mas_6sm,ocupado,no,camion,eficiente,rapido,barato,seguro,comodo,poco,poco
524,region_4,2500_14999,no,mujer,25-34,primaria,1-2sm,no_ocupado,no,colectivo,eficiente,rapido,barato,inseguro,incomodo,mucho,poco
525,region_4,2500_14999,no,mujer,18-24,secundaria,no_declaro,no_ocupado,no,camion,eficiente,rapido,barato,inseguro,incomodo,algo,algo
526,region_4,2500_14999,no,hombre,35-44,secundaria,no_declaro,ocupado,no,activo,eficiente,rapido,barato,seguro,incomodo,no_contamina,poco
527,region_4,2500_14999,no,hombre,18-24,secundaria,2-3sm,no_ocupado,no,colectivo,eficiente,rapido,barato,inseguro,incomodo,algo,poco
528,region_4,2500_14999,no,mujer,25-34,preparatoria,3-4sm,no_ocupado,no,demanda,eficiente,rapido,barato,seguro,incomodo,poco,poco
529,region_4,2500_14999,no,mujer,25-34,preparatoria,menos_1sm,no_ocupado,no,demanda,eficiente,lento,barato,inseguro,incomodo,poco,poco
530,region_4,2500_14999,no,hombre,18-24,secundaria,2-3sm,ocupado,no,demanda,eficiente,rapido,barato,seguro,comodo,no_contamina,nada
531,region_4,2500_14999,no,hombre,45-54,primaria,2-3sm,ocupado,no,activo,eficiente,rapido,barato,seguro,comodo,no_contamina,nada
532,region_4,2500_14999,no,hombre,35-44,ninguna,2-3sm,ocupado,no,activo,eficiente,rapido,barato,inseguro,comodo,no_contamina,nada
534,region_4,2500_14999,no,hombre,45-54,ninguna,1-2sm,ocupado,no,demanda,eficiente,rapido,barato,seguro,comodo,no_contamina,nada
535,region_3,2500_14999,no,mujer,55-64,ninguna,2-3sm,no_ocupado,no,camion,eficiente,lento,caro,seguro,incomodo,algo,poco
536,region_3,2500_14999,no,mujer,18-24,preparatoria,1-2sm,no_ocupado,no,camion,eficiente,rapido,barato,seguro,comodo,algo,algo
538,region_3,100mil_mas,no,mujer,65+,secundaria,mas_6sm,ocupado,no,ninguno,eficiente,rapido,caro,seguro,comodo,mucho,algo
539,region_3,100mil_mas,no,hombre,18-24,preparatoria,no_declaro,no_ocupado,no,ninguno,eficiente,rapido,barato,seguro,comodo,poco,poco
542,region_3,15mil_99999,no,mujer,18-24,ninguna,3-4sm,no_ocupado,no,particular,eficiente,lento,barato,inseguro,incomodo,mucho,mucho
543,region_1,100mil_mas,no,mujer,55-64,preparatoria,mas_6sm,ocupado,no,camion,eficiente,lento,barato,inseguro,incomodo,poco,poco
544,region_1,100mil_mas,no,hombre,65+,primaria,4-5sm,ocupado,no,camion,eficiente,rapido,barato,seguro,comodo,poco,poco
545,region_1,100mil_mas,no,mujer,55-64,primaria,no_declaro,no_ocupado,no,camion,eficiente,rapido,barato,seguro,comodo,mucho,mucho
546,region_1,100mil_mas,no,mujer,45-54,secundaria,mas_6sm,ocupado,no,camion,eficiente,rapido,barato,seguro,comodo,poco,poco
547,region_1,100mil_mas,no,mujer,65+,secundaria,no_declaro,ocupado,no,camion,eficiente,rapido,barato,seguro,comodo,poco,poco
548,region_1,100mil_mas,no,hombre,45-54,preparatoria,no_declaro,no_ocupado,no,camion,eficiente,rapido,barato,seguro,comodo,poco,poco
549,region_1,100mil_mas,no,hombre,65+,secundaria,mas_6sm,ocupado,no,camion,eficiente,rapido,barato,seguro,comodo,poco,poco
550,region_1,100mil_mas,no,hombre,55-64,secundaria,3-4sm,ocupado,no,ninguno,eficiente,rapido,barato,seguro,comodo,mucho,mucho
551,region_1,100mil_mas,no,mujer,25-34,secundaria,3-4sm,no_ocupado,no,ninguno,eficiente,rapido,barato,seguro,comodo,mucho,mucho
552,region_4,menos_2500,no,mujer,25-34,primaria,1-2sm,no_ocupado,no,ninguno,eficiente,rapido,barato,seguro,comodo,mucho,mucho
553,region_4,menos_2500,no,mujer,45-54,primaria,2-3sm,no_ocupado,no,demanda,eficiente,rapido,barato,seguro,comodo,mucho,mucho
554,region_3,100mil_mas,no,hombre,65+,primaria,no_declaro,no_ocupado,no,ninguno,eficiente,rapido,caro,inseguro,comodo,algo,poco
555,region_2,100mil_mas,si,hombre,65+,secundaria,1-2sm,no_ocupado,no,camion,eficiente,rapido,barato,seguro,comodo,mucho,mucho
556,region_2,100mil_mas,si,hombre,35-44,preparatoria,4-5sm,ocupado,no,particular,eficiente,lento,barato,seguro,comodo,poco,mucho
557,region_2,100mil_mas,si,mujer,45-54,preparatoria,4-5sm,no_ocupado,no,masivo,eficiente,lento,barato,inseguro,comodo,mucho,poco
558,region_2,100mil_mas,si,mujer,18-24,ninguna,3-4sm,no_ocupado,no,camion,eficiente,rapido,barato,inseguro,incomodo,mucho,mucho
559,region_2,100mil_mas,si,mujer,45-54,preparatoria,3-4sm,no_ocupado,no,masivo,eficiente,rapido,barato,seguro,incomodo,no_contamina,algo
560,region_2,100mil_mas,si,hombre,45-54,preparatoria,mas_6sm,ocupado,no,camion,eficiente,lento,barato,seguro,comodo,mucho,mucho
561,region_2,100mil_mas,si,hombre,65+,universidad,1-2sm,no_ocupado,no,masivo,eficiente,lento,caro,inseguro,incomodo,no_contamina,mucho
562,region_2,100mil_mas,si,hombre,18-24,secundaria,mas_6sm,ocupado,no,otros,eficiente,rapido,barato,seguro,comodo,mucho,algo
563,region_3,100mil_mas,no,mujer,65+,primaria,no_declaro,no_ocupado,no,camion,eficiente,rapido,barato,seguro,comodo,algo,algo
564,region_1,menos_2500,no,mujer,35-44,primaria,1-2sm,ocupado,no,camion,eficiente,rapido,barato,seguro,comodo,poco,nada
565,region_1,menos_2500,no,mujer,18-24,secundaria,no_declaro,no_ocupado,no,camion,eficiente,rapido,barato,seguro,comodo,mucho,nada
566,region_1,menos_2500,no,hombre,25-34,ninguna,3-4sm,ocupado,no,activo,eficiente,rapido,caro,seguro,comodo,poco,poco
567,region_1,menos_2500,no,mujer,18-24,primaria,2-3sm,ocupado,no,camion,eficiente,rapido,barato,seguro,comodo,poco,nada
568,region_1,menos_2500,no,mujer,35-44,ninguna,1-2sm,no_ocupado,no,activo,eficiente,rapido,barato,seguro,comodo,poco,poco
569,region_4,menos_2500,no,hombre,55-64,primaria,no_declaro,no_ocupado,no,camion,eficiente,rapido,barato,seguro,comodo,algo,algo
570,region_1,menos_2500,no,hombre,18-24,secundaria,2-3sm,ocupado,no,camion,eficiente,lento,caro,inseguro,incomodo,poco,poco
571,region_1,menos_2500,no,hombre,65+,ninguna,no_declaro,no_ocupado,no,camion,eficiente,lento,caro,seguro,comodo,poco,algo
572,region_1,menos_2500,no,hombre,65+,ninguna,no_declaro,no_ocupado,no,camion,eficiente,rapido,caro,inseguro,incomodo,poco,algo
573,region_1,menos_2500,no,hombre,35-44,ninguna,1-2sm,ocupado,no,particular,eficiente,lento,caro,seguro,incomodo,mucho,algo
574,region_1,menos_2500,no,hombre,25-34,secundaria,mas_6sm,ocupado,no,camion,eficiente,lento,caro,inseguro,incomodo,algo,algo
575,region_1,menos_2500,no,hombre,65+,ninguna,no_declaro,no_ocupado,no,camion,eficiente,lento,caro,seguro,incomodo,mucho,algo
576,region_1,15mil_99999,si,mujer,35-44,primaria,no_declaro,no_ocupado,no,ninguno,eficiente,lento,caro,inseguro,incomodo,algo,algo
577,region_1,15mil_99999,si,mujer,25-34,primaria,no_declaro,no_ocupado,no,ninguno,eficiente,rapido,barato,inseguro,comodo,algo,mucho
578,region_1,15mil_99999,si,hombre,35-44,secundaria,3-4sm,ocupado,no,ninguno,eficiente,rapido,caro,inseguro,incomodo,mucho,algo
579,region_1,15mil_99999,si,mujer,25-34,primaria,2-3sm,no_ocupado,no,ninguno,eficiente,rapido,caro,inseguro,comodo,algo,algo
580,region_1,15mil_99999,si,mujer,65+,primaria,no_declaro,no_ocupado,no,ninguno,eficiente,rapido,caro,inseguro,incomodo,algo,algo
581,region_1,100mil_mas,si,mujer,65+,primaria,no_declaro,no_ocupado,no,ninguno,eficiente,rapido,caro,inseguro,incomodo,mucho,algo
582,region_2,100mil_mas,si,hombre,65+,primaria,no_declaro,no_ocupado,no,ninguno,eficiente,rapido,caro,inseguro,incomodo,mucho,mucho
583,region_2,100mil_mas,si,hombre,65+,secundaria,no_declaro,no_ocupado,no,ninguno,eficiente,rapido,caro,inseguro,incomodo,algo,algo
584,region_2,2500_14999,si,hombre,18-24,secundaria,no_declaro,no_ocupado,no,ninguno,eficiente,lento,barato,seguro,incomodo,mucho,nada
585,region_2,2500_14999,si,mujer,65+,secundaria,no_declaro,no_ocupado,no,ninguno,eficiente,rapido,barato,seguro,comodo,no_contamina,nada
586,region_2,2500_14999,si,hombre,18-24,secundaria,no_declaro,no_ocupado,no,colectivo,eficiente,rapido,caro,inseguro,comodo,poco,poco
587,region_2,2500_14999,si,mujer,25-34,preparatoria,no_declaro,no_ocupado,no,ninguno,eficiente,rapido,caro,seguro,comodo,poco,poco
588,region_2,2500_14999,si,mujer,55-64,preparatoria,no_declaro,no_ocupado,no,ninguno,eficiente,rapido,barato,seguro,comodo,algo,algo
589,region_2,2500_14999,si,mujer,55-64,ninguna,1-2sm,no_ocupado,no,ninguno,eficiente,rapido,caro,inseguro,comodo,mucho,algo
590,region_2,100mil_mas,si,hombre,18-24,preparatoria,2-3sm,no_ocupado,no,masivo,eficiente,lento,barato,inseguro,comodo,poco,poco
591,region_2,100mil_mas,si,hombre,65+,ninguna,no_declaro,ocupado,no,masivo,eficiente,lento,caro,seguro,incomodo,mucho,algo
592,region_2,100mil_mas,si,hombre,45-54,secundaria,3-4sm,ocupado,no,camion,eficiente,rapido,caro,inseguro,comodo,algo,algo
593,region_2,100mil_mas,si,mujer,25-34,secundaria,2-3sm,no_ocupado,no,ninguno,eficiente,rapido,barato,seguro,comodo,algo,algo
594,region_2,menos_2500,si,hombre,45-54,ninguna,2-3sm,ocupado,no,otros,eficiente,rapido,caro,seguro,comodo,no_contamina,poco
595,region_2,menos_2500,si,hombre,45-54,secundaria,1-2sm,ocupado,no,colectivo,eficiente,rapido,barato,seguro,comodo,poco,poco
596,region_2,menos_2500,si,hombre,35-44,secundaria,3-4sm,ocupado,no,activo,eficiente,lento,caro,seguro,comodo,no_contamina,algo
597,region_2,menos_2500,si,hombre,35-44,primaria,2-3sm,ocupado,no,ninguno,eficiente,lento,caro,inseguro,incomodo,poco,poco
598,region_2,menos_2500,si,mujer,45-54,preparatoria,3-4sm,no_ocupado,no,activo,eficiente,rapido,barato,seguro,comodo,poco,poco
599,region_2,menos_2500,si,hombre,18-24,secundaria,3-4sm,ocupado,no,colectivo,eficiente,rapido,caro,inseguro,incomodo,algo,poco
600,region_2,menos_2500,si,mujer,55-64,ninguna,2-3sm,no_ocupado,no,ninguno,eficiente,lento,caro,inseguro,incomodo,poco,poco
601,region_2,menos_2500,si,mujer,18-24,primaria,2-3sm,no_ocupado,no,ninguno,eficiente,lento,caro,inseguro,comodo,poco,poco
602,region_2,menos_2500,si,hombre,35-44,ninguna,1-2sm,ocupado,no,ninguno,eficiente,lento,caro,inseguro,incomodo,algo,algo
603,region_2,15mil_99999,si,hombre,55-64,secundaria,no_declaro,ocupado,no,ninguno,eficiente,rapido,barato,seguro,comodo,poco,mucho
604,region_2,15mil_99999,si,hombre,55-64,secundaria,no_declaro,ocupado,no,ninguno,eficiente,rapido,barato,seguro,comodo,algo,mucho
605,region_2,15mil_99999,si,hombre,65+,primaria,no_declaro,no_ocupado,no,demanda,eficiente,rapido,barato,seguro,comodo,poco,mucho
607,region_2,100mil_mas,si,mujer,45-54,secundaria,2-3sm,no_ocupado,no,ninguno,eficiente,rapido,caro,inseguro,comodo,mucho,mucho
608,region_2,100mil_mas,si,mujer,65+,universidad,no_declaro,no_ocupado,no,ninguno,eficiente,rapido,barato,seguro,comodo,mucho,mucho
609,region_2,100mil_mas,si,mujer,55-64,ninguna,no_declaro,no_ocupado,no,ninguno,eficiente,rapido,caro,inseguro,comodo,mucho,mucho
610,region_2,100mil_mas,si,mujer,55-64,preparatoria,no_declaro,no_ocupado,no,ninguno,eficiente,rapido,caro,seguro,comodo,poco,poco
611,region_2,100mil_mas,si,mujer,35-44,secundaria,2-3sm,no_ocupado,no,ninguno,eficiente,rapido,barato,seguro,comodo,poco,mucho
612,region_2,100mil_mas,si,hombre,65+,ninguna,no_declaro,no_ocupado,no,ninguno,eficiente,rapido,barato,seguro,comodo,mucho,mucho
613,region_2,100mil_mas,si,mujer,55-64,secundaria,mas_6sm,ocupado,no,ninguno,eficiente,rapido,caro,inseguro,incomodo,mucho,mucho
614,region_2,100mil_mas,si,hombre,18-24,secundaria,no_declaro,no_ocupado,no,ninguno,eficiente,rapido,barato,seguro,incomodo,algo,mucho
615,region_2,100mil_mas,si,mujer,45-54,primaria,no_declaro,no_ocupado,no,camion,eficiente,rapido,barato,seguro,comodo,algo,mucho
616,region_2,100mil_mas,si,mujer,25-34,ninguna,2-3sm,no_ocupado,no,masivo,eficiente,rapido,caro,seguro,comodo,algo,mucho
618,region_2,100mil_mas,si,mujer,25-34,preparatoria,4-5sm,no_ocupado,no,ninguno,eficiente,rapido,caro,inseguro,incomodo,mucho,mucho
619,region_2,100mil_mas,si,mujer,25-34,preparatoria,no_declaro,ocupado,no,ninguno,eficiente,rapido,caro,seguro,comodo,no_contamina,algo
620,region_2,100mil_mas,si,mujer,18-24,secundaria,no_declaro,no_ocupado,no,ninguno,eficiente,rapido,caro,inseguro,incomodo,algo,mucho
621,region_2,15mil_99999,si,mujer,65+,ninguna,no_declaro,no_ocupado,no,ninguno,eficiente,rapido,barato,seguro,comodo,algo,poco
622,region_2,15mil_99999,si,mujer,25-34,primaria,2-3sm,no_ocupado,no,activo,eficiente,rapido,barato,inseguro,incomodo,algo,mucho
623,region_2,15mil_99999,si,hombre,45-54,preparatoria,mas_6sm,ocupado,no,camion,eficiente,lento,caro,inseguro,incomodo,algo,mucho
624,region_1,15mil_99999,no,mujer,35-44,primaria,no_declaro,no_ocupado,no,ninguno,eficiente,rapido,caro,seguro,comodo,no_contamina,nada
625,region_1,15mil_99999,no,mujer,65+,ninguna,no_declaro,no_ocupado,no,colectivo,eficiente,rapido,barato,seguro,comodo,poco,nada
626,region_1,15mil_99999,no,hombre,65+,ninguna,no_declaro,no_ocupado,no,ninguno,eficiente,rapido,barato,seguro,comodo,no_contamina,nada
627,region_1,15mil_99999,no,hombre,25-34,secundaria,2-3sm,ocupado,no,colectivo,eficiente,rapido,caro,inseguro,comodo,poco,nada
628,region_1,15mil_99999,no,mujer,45-54,secundaria,no_declaro,no_ocupado,no,particular,eficiente,rapido,barato,seguro,comodo,no_contamina,nada
629,region_1,15mil_99999,no,hombre,45-54,secundaria,2-3sm,ocupado,no,ninguno,eficiente,lento,barato,seguro,comodo,no_contamina,nada
630,region_1,15mil_99999,no,mujer,25-34,primaria,3-4sm,ocupado,no,ninguno,eficiente,rapido,caro,inseguro,incomodo,no_contamina,nada
631,region_1,15mil_99999,no,mujer,25-34,primaria,mas_6sm,ocupado,no,particular,eficiente,rapido,barato,seguro,comodo,no_contamina,nada
632,region_1,15mil_99999,no,hombre,55-64,primaria,1-2sm,ocupado,no,colectivo,eficiente,rapido,barato,seguro,comodo,no_contamina,nada
633,region_1,2500_14999,no,hombre,65+,ninguna,no_declaro,no_ocupado,no,ninguno,eficiente,rapido,barato,seguro,comodo,no_contamina,poco
634,region_1,2500_14999,no,hombre,65+,ninguna,no_declaro,ocupado,no,ninguno,eficiente,rapido,barato,seguro,comodo,no_contamina,nada
635,region_1,2500_14999,no,hombre,65+,ninguna,no_declaro,no_ocupado,no,ninguno,eficiente,rapido,barato,seguro,comodo,no_contamina,poco
636,region_1,2500_14999,no,hombre,65+,ninguna,mas_6sm,no_ocupado,no,ninguno,eficiente,rapido,barato,seguro,comodo,no_contamina,poco
637,region_1,2500_14999,no,hombre,65+,ninguna,no_declaro,no_ocupado,no,ninguno,eficiente,rapido,caro,seguro,comodo,no_contamina,poco
638,region_1,2500_14999,no,hombre,65+,ninguna,no_declaro,ocupado,no,ninguno,eficiente,rapido,caro,seguro,incomodo,algo,poco
639,region_1,2500_14999,no,mujer,45-54,ninguna,no_declaro,ocupado,no,ninguno,eficiente,rapido,barato,seguro,comodo,algo,algo
640,region_1,2500_14999,no,hombre,35-44,ninguna,1-2sm,ocupado,no,ninguno,eficiente,rapido,barato,seguro,comodo,no_contamina,poco
641,region_1,2500_14999,no,mujer,45-54,secundaria,5-6sm,no_ocupado,no,ninguno,eficiente,rapido,barato,seguro,comodo,no_contamina,poco
642,region_1,2500_14999,no,hombre,35-44,secundaria,2-3sm,ocupado,no,ninguno,eficiente,rapido,barato,seguro,comodo,poco,algo
643,region_1,2500_14999,no,mujer,55-64,ninguna,4-5sm,no_ocupado,no,ninguno,eficiente,rapido,barato,seguro,comodo,algo,poco
644,region_1,2500_14999,no,hombre,65+,ninguna,no_declaro,ocupado,no,ninguno,eficiente,rapido,barato,seguro,comodo,poco,algo
645,region_1,2500_14999,no,mujer,55-64,ninguna,1-2sm,ocupado,no,ninguno,eficiente,lento,barato,seguro,comodo,poco,algo
646,region_1,2500_14999,no,mujer,55-64,primaria,menos_1sm,no_ocupado,no,ninguno,eficiente,lento,barato,seguro,comodo,mucho,mucho
647,region_1,2500_14999,no,mujer,25-34,secundaria,3-4sm,no_ocupado,no,ninguno,eficiente,rapido,barato,seguro,comodo,poco,mucho
648,region_1,15mil_99999,no,hombre,45-54,secundaria,5-6sm,ocupado,no,camion,eficiente,rapido,barato,seguro,comodo,poco,algo
649,region_1,15mil_99999,no,mujer,65+,primaria,no_declaro,no_ocupado,no,colectivo,eficiente,rapido,caro,inseguro,incomodo,algo,nada
650,region_3,100mil_mas,si,hombre,25-34,preparatoria,mas_6sm,ocupado,no,masivo,eficiente,rapido,barato,seguro,comodo,algo,mucho
651,region_3,100mil_mas,si,hombre,55-64,primaria,5-6sm,ocupado,no,otros,eficiente,rapido,barato,seguro,comodo,algo,mucho
653,region_4,menos_2500,no,hombre,45-54,secundaria,3-4sm,ocupado,no,ninguno,eficiente,rapido,caro,inseguro,comodo,poco,nada
654,region_4,menos_2500,no,mujer,65+,ninguna,no_declaro,no_ocupado,no,demanda,eficiente,rapido,caro,seguro,comodo,algo,algo
655,region_4,menos_2500,no,hombre,65+,secundaria,no_declaro,no_ocupado,no,ninguno,eficiente,lento,caro,inseguro,incomodo,mucho,poco
656,region_1,2500_14999,no,mujer,18-24,secundaria,1-2sm,no_ocupado,no,camion,eficiente,rapido,caro,inseguro,incomodo,mucho,mucho
657,region_1,2500_14999,no,hombre,45-54,secundaria,5-6sm,ocupado,no,demanda,eficiente,rapido,caro,seguro,comodo,poco,poco
658,region_1,2500_14999,no,mujer,35-44,secundaria,2-3sm,no_ocupado,no,camion,eficiente,rapido,caro,seguro,comodo,poco,poco
659,region_1,2500_14999,no,mujer,18-24,secundaria,menos_1sm,no_ocupado,no,camion,eficiente,rapido,caro,seguro,comodo,poco,nada
660,region_1,2500_14999,no,mujer,35-44,secundaria,2-3sm,no_ocupado,no,colectivo,eficiente,rapido,caro,seguro,comodo,poco,nada
661,region_1,100mil_mas,no,hombre,35-44,secundaria,2-3sm,ocupado,no,camion,eficiente,rapido,caro,inseguro,incomodo,poco,algo
662,region_1,100mil_mas,no,mujer,55-64,primaria,no_declaro,no_ocupado,no,ninguno,eficiente,lento,caro,inseguro,incomodo,poco,algo
663,region_1,100mil_mas,no,mujer,25-34,secundaria,1-2sm,ocupado,no,camion,eficiente,lento,caro,inseguro,incomodo,mucho,poco
664,region_1,2500_14999,no,mujer,18-24,secundaria,no_declaro,no_ocupado,no,ninguno,eficiente,rapido,barato,seguro,comodo,poco,algo
665,region_1,2500_14999,no,mujer,35-44,secundaria,2-3sm,no_ocupado,no,camion,eficiente,rapido,barato,inseguro,incomodo,algo,poco
666,region_1,2500_14999,no,mujer,45-54,secundaria,1-2sm,no_ocupado,no,camion,eficiente,lento,barato,inseguro,incomodo,poco,algo
667,region_1,2500_14999,no,mujer,35-44,secundaria,5-6sm,no_ocupado,no,camion,eficiente,rapido,caro,seguro,comodo,algo,poco
668,region_1,2500_14999,no,mujer,25-34,preparatoria,3-4sm,ocupado,no,camion,eficiente,rapido,caro,inseguro,incomodo,poco,poco
669,region_1,2500_14999,no,mujer,35-44,secundaria,2-3sm,no_ocupado,no,camion,eficiente,lento,caro,inseguro,comodo,poco,algo
670,region_1,2500_14999,no,hombre,45-54,secundaria,3-4sm,ocupado,no,ninguno,eficiente,lento,barato,inseguro,incomodo,algo,algo
671,region_1,2500_14999,no,mujer,35-44,secundaria,4-5sm,no_ocupado,no,ninguno,eficiente,rapido,barato,seguro,comodo,no_contamina,poco
672,region_4,100mil_mas,no,mujer,25-34,preparatoria,2-3sm,no_ocupado,no,colectivo,eficiente,rapido,barato,inseguro,incomodo,poco,poco
673,region_4,100mil_mas,no,hombre,18-24,secundaria,mas_6sm,no_ocupado,no,colectivo,eficiente,rapido,barato,seguro,comodo,poco,poco
674,region_4,100mil_mas,no,hombre,65+,secundaria,mas_6sm,no_ocupado,no,ninguno,eficiente,lento,barato,seguro,incomodo,mucho,algo
675,region_4,100mil_mas,no,hombre,35-44,preparatoria,2-3sm,ocupado,no,demanda,eficiente,rapido,barato,seguro,comodo,mucho,mucho
676,region_4,100mil_mas,no,mujer,45-54,secundaria,mas_6sm,ocupado,no,ninguno,eficiente,rapido,barato,seguro,comodo,algo,algo
677,region_4,100mil_mas,no,mujer,55-64,secundaria,mas_6sm,ocupado,no,ninguno,eficiente,rapido,barato,seguro,comodo,mucho,poco
678,region_1,menos_2500,no,mujer,65+,ninguna,2-3sm,no_ocupado,no,camion,eficiente,rapido,barato,seguro,comodo,algo,poco
679,region_3,100mil_mas,no,hombre,35-44,secundaria,5-6sm,ocupado,no,camion,eficiente,rapido,caro,inseguro,comodo,no_contamina,poco
680,region_3,100mil_mas,no,hombre,45-54,primaria,2-3sm,ocupado,no,ninguno,eficiente,rapido,barato,seguro,comodo,algo,poco
682,region_3,100mil_mas,no,hombre,18-24,secundaria,4-5sm,ocupado,no,ninguno,eficiente,rapido,barato,seguro,comodo,poco,poco
683,region_3,100mil_mas,no,mujer,25-34,secundaria,3-4sm,no_ocupado,no,camion,eficiente,rapido,barato,seguro,comodo,poco,poco
684,region_3,100mil_mas,no,hombre,25-34,universidad,2-3sm,ocupado,no,camion,eficiente,rapido,barato,seguro,comodo,algo,poco
685,region_3,100mil_mas,no,mujer,35-44,primaria,3-4sm,ocupado,no,camion,eficiente,rapido,barato,inseguro,comodo,mucho,algo
686,region_3,menos_2500,no,mujer,45-54,ninguna,no_declaro,no_ocupado,no,ninguno,eficiente,lento,caro,seguro,comodo,algo,poco
687,region_3,menos_2500,no,hombre,25-34,universidad,no_declaro,ocupado,no,ninguno,eficiente,rapido,barato,seguro,comodo,poco,algo
688,region_3,menos_2500,no,hombre,65+,preparatoria,no_declaro,no_ocupado,no,ninguno,eficiente,lento,barato,seguro,comodo,algo,algo
689,region_3,menos_2500,no,mujer,35-44,preparatoria,no_declaro,ocupado,no,ninguno,eficiente,rapido,caro,inseguro,incomodo,algo,poco
690,region_3,menos_2500,no,mujer,45-54,primaria,no_declaro,ocupado,no,particular,eficiente,lento,barato,inseguro,incomodo,algo,algo
691,region_3,2500_14999,no,hombre,65+,ninguna,no_declaro,no_ocupado,no,camion,eficiente,rapido,caro,inseguro,incomodo,mucho,mucho
692,region_3,2500_14999,no,mujer,25-34,secundaria,4-5sm,no_ocupado,no,camion,eficiente,rapido,barato,seguro,comodo,mucho,mucho
694,region_3,100mil_mas,no,mujer,18-24,secundaria,4-5sm,ocupado,no,camion,eficiente,lento,barato,inseguro,incomodo,mucho,mucho
695,region_3,100mil_mas,no,hombre,65+,universidad,mas_6sm,ocupado,no,ninguno,eficiente,lento,caro,seguro,comodo,algo,algo
697,region_3,100mil_mas,no,hombre,25-34,preparatoria,2-3sm,ocupado,no,particular,eficiente,rapido,caro,inseguro,comodo,algo,algo
698,region_3,100mil_mas,no,mujer,18-24,preparatoria,2-3sm,no_ocupado,no,camion,eficiente,rapido,barato,seguro,comodo,algo,algo
699,region_3,100mil_mas,no,mujer,18-24,secundaria,mas_6sm,no_ocupado,no,camion,eficiente,rapido,caro,inseguro,comodo,algo,poco
700,region_3,100mil_mas,no,hombre,65+,secundaria,no_declaro,no_ocupado,no,ninguno,eficiente,rapido,barato,seguro,comodo,poco,poco
701,region_3,100mil_mas,no,mujer,55-64,ninguna,no_declaro,no_ocupado,no,ninguno,eficiente,lento,barato,seguro,comodo,mucho,algo
702,region_3,menos_2500,no,mujer,35-44,ninguna,2-3sm,no_ocupado,no,particular,eficiente,rapido,barato,inseguro,incomodo,no_contamina,nada
703,region_3,menos_2500,no,hombre,55-64,ninguna,1-2sm,ocupado,no,particular,eficiente,rapido,barato,seguro,comodo,no_contamina,nada
704,region_3,menos_2500,no,hombre,65+,ninguna,no_declaro,ocupado,no,activo,eficiente,rapido,barato,seguro,comodo,no_contamina,nada
705,region_3,menos_2500,no,mujer,65+,ninguna,mas_6sm,no_ocupado,no,camion,eficiente,lento,caro,seguro,comodo,no_contamina,poco
706,region_3,menos_2500,no,mujer,65+,ninguna,mas_6sm,no_ocupado,no,ninguno,eficiente,rapido,barato,seguro,incomodo,poco,poco
708,region_3,menos_2500,no,hombre,35-44,ninguna,1-2sm,ocupado,no,ninguno,eficiente,rapido,barato,seguro,comodo,algo,nada
709,region_3,menos_2500,no,mujer,35-44,primaria,2-3sm,ocupado,no,ninguno,eficiente,lento,barato,inseguro,incomodo,poco,nada
710,region_3,15mil_99999,no,mujer,25-34,primaria,no_declaro,no_ocupado,no,camion,eficiente,rapido,barato,inseguro,incomodo,algo,algo
711,region_1,menos_2500,no,mujer,55-64,ninguna,2-3sm,no_ocupado,no,camion,eficiente,lento,caro,seguro,incomodo,algo,poco
712,region_1,menos_2500,no,mujer,55-64,primaria,5-6sm,ocupado,no,ninguno,eficiente,rapido,caro,inseguro,comodo,algo,algo
713,region_1,menos_2500,no,mujer,45-54,secundaria,no_declaro,no_ocupado,no,ninguno,eficiente,rapido,caro,inseguro,comodo,algo,nada
714,region_1,menos_2500,no,hombre,45-54,universidad,no_declaro,no_ocupado,no,ninguno,eficiente,rapido,caro,seguro,comodo,poco,nada
715,region_1,menos_2500,no,mujer,25-34,primaria,1-2sm,no_ocupado,no,camion,eficiente,rapido,caro,seguro,incomodo,poco,poco
716,region_1,menos_2500,no,mujer,55-64,primaria,5-6sm,no_ocupado,no,demanda,eficiente,rapido,caro,seguro,comodo,poco,poco
717,region_1,menos_2500,no,mujer,45-54,ninguna,2-3sm,no_ocupado,no,ninguno,eficiente,lento,caro,seguro,comodo,algo,nada
718,region_1,menos_2500,no,hombre,25-34,preparatoria,1-2sm,ocupado,no,otros,eficiente,rapido,barato,seguro,comodo,poco,poco
719,region_4,2500_14999,no,hombre,25-34,secundaria,4-5sm,ocupado,no,colectivo,eficiente,rapido,barato,seguro,comodo,poco,poco
720,region_4,2500_14999,no,mujer,25-34,primaria,1-2sm,no_ocupado,no,demanda,eficiente,rapido,barato,inseguro,incomodo,no_contamina,nada
721,region_4,2500_14999,no,mujer,25-34,secundaria,2-3sm,no_ocupado,no,ninguno,eficiente,rapido,barato,seguro,comodo,no_contamina,nada
722,region_4,2500_14999,no,mujer,18-24,secundaria,menos_1sm,no_ocupado,no,demanda,eficiente,rapido,barato,seguro,comodo,no_contamina,nada
723,region_4,2500_14999,no,mujer,45-54,ninguna,1-2sm,no_ocupado,no,camion,eficiente,rapido,barato,seguro,comodo,no_contamina,nada
724,region_4,2500_14999,no,hombre,65+,ninguna,3-4sm,no_ocupado,no,ninguno,eficiente,rapido,barato,seguro,comodo,poco,poco
725,region_4,2500_14999,no,mujer,65+,ninguna,mas_6sm,no_ocupado,no,otros,eficiente,rapido,barato,seguro,comodo,no_contamina,poco
726,region_4,2500_14999,no,hombre,55-64,ninguna,no_declaro,ocupado,no,ninguno,eficiente,rapido,barato,seguro,comodo,no_contamina,poco
727,region_4,2500_14999,no,mujer,45-54,ninguna,menos_1sm,ocupado,no,ninguno,eficiente,rapido,barato,seguro,comodo,no_contamina,nada
728,region_4,2500_14999,no,hombre,25-34,secundaria,menos_1sm,ocupado,no,ninguno,eficiente,rapido,barato,seguro,comodo,poco,poco
730,region_3,2500_14999,no,mujer,35-44,secundaria,3-4sm,no_ocupado,no,camion,eficiente,lento,caro,seguro,comodo,mucho,poco
731,region_3,2500_14999,no,mujer,45-54,secundaria,4-5sm,ocupado,no,ninguno,eficiente,lento,caro,seguro,incomodo,algo,algo
733,region_1,15mil_99999,no,hombre,18-24,secundaria,no_declaro,no_ocupado,no,particular,eficiente,lento,caro,seguro,incomodo,poco,poco
741,region_4,100mil_mas,no,hombre,35-44,secundaria,4-5sm,ocupado,no,colectivo,eficiente,lento,barato,inseguro,incomodo,poco,poco
742,region_4,100mil_mas,no,mujer,25-34,preparatoria,1-2sm,no_ocupado,no,colectivo,eficiente,rapido,barato,seguro,comodo,algo,algo
743,region_2,100mil_mas,si,hombre,35-44,primaria,2-3sm,ocupado,no,colectivo,eficiente,rapido,barato,seguro,incomodo,poco,nada
744,region_2,100mil_mas,si,hombre,18-24,secundaria,no_declaro,no_ocupado,no,camion,eficiente,rapido,barato,seguro,comodo,algo,algo
745,region_1,15mil_99999,si,mujer,45-54,primaria,mas_6sm,ocupado,no,ninguno,eficiente,lento,caro,seguro,comodo,poco,poco
746,region_2,2500_14999,si,hombre,25-34,ninguna,no_declaro,no_ocupado,no,demanda,eficiente,rapido,barato,seguro,comodo,no_contamina,nada
747,region_2,2500_14999,si,hombre,35-44,secundaria,2-3sm,ocupado,no,colectivo,eficiente,rapido,caro,seguro,comodo,algo,nada
748,region_2,2500_14999,si,hombre,35-44,secundaria,4-5sm,ocupado,no,camion,eficiente,rapido,barato,seguro,comodo,poco,poco
749,region_3,2500_14999,no,hombre,18-24,preparatoria,5-6sm,ocupado,no,camion,eficiente,rapido,barato,inseguro,incomodo,mucho,algo
750,region_1,menos_2500,no,hombre,35-44,secundaria,2-3sm,ocupado,no,camion,eficiente,lento,caro,seguro,comodo,mucho,nada
751,region_1,menos_2500,no,mujer,65+,ninguna,no_declaro,no_ocupado,no,ninguno,eficiente,rapido,barato,seguro,comodo,algo,nada
752,region_1,menos_2500,no,mujer,45-54,secundaria,3-4sm,no_ocupado,no,camion,eficiente,lento,caro,seguro,comodo,algo,poco
753,region_2,100mil_mas,si,hombre,55-64,universidad,no_declaro,ocupado,si,particular,ineficiente,lento,caro,inseguro,incomodo,poco,poco
754,region_3,100mil_mas,no,hombre,35-44,preparatoria,mas_6sm,ocupado,si,particular,ineficiente,lento,barato,seguro,comodo,algo,algo
755,region_3,100mil_mas,no,hombre,18-24,secundaria,mas_6sm,ocupado,si,particular,ineficiente,lento,caro,inseguro,incomodo,algo,algo
756,region_3,100mil_mas,no,hombre,65+,preparatoria,no_declaro,no_ocupado,si,ninguno,ineficiente,lento,caro,seguro,comodo,poco,poco
757,region_1,15mil_99999,si,mujer,35-44,primaria,3-4sm,no_ocupado,si,ninguno,ineficiente,lento,caro,seguro,incomodo,algo,poco
758,region_4,100mil_mas,no,hombre,25-34,universidad,mas_6sm,ocupado,si,particular,ineficiente,lento,caro,inseguro,incomodo,algo,algo
759,region_3,100mil_mas,no,hombre,35-44,preparatoria,4-5sm,ocupado,si,particular,ineficiente,lento,caro,inseguro,comodo,algo,algo
760,region_2,100mil_mas,si,mujer,45-54,secundaria,mas_6sm,ocupado,si,colectivo,ineficiente,lento,barato,inseguro,incomodo,algo,algo
761,region_2,100mil_mas,si,hombre,65+,universidad,mas_6sm,ocupado,si,masivo,ineficiente,lento,barato,inseguro,incomodo,mucho,algo
762,region_1,100mil_mas,no,mujer,35-44,secundaria,mas_6sm,ocupado,si,particular,ineficiente,rapido,barato,inseguro,incomodo,poco,algo
763,region_2,100mil_mas,si,mujer,45-54,preparatoria,no_declaro,no_ocupado,si,masivo,ineficiente,lento,caro,inseguro,incomodo,mucho,mucho
764,region_2,100mil_mas,si,hombre,25-34,preparatoria,mas_6sm,ocupado,si,camion,ineficiente,lento,barato,inseguro,incomodo,algo,algo
765,region_3,100mil_mas,no,mujer,25-34,preparatoria,2-3sm,ocupado,si,particular,ineficiente,lento,caro,inseguro,incomodo,no_contamina,poco
766,region_3,100mil_mas,no,mujer,25-34,secundaria,4-5sm,no_ocupado,si,camion,ineficiente,lento,caro,inseguro,incomodo,algo,algo
767,region_1,15mil_99999,no,mujer,25-34,preparatoria,mas_6sm,no_ocupado,si,camion,ineficiente,lento,barato,seguro,incomodo,no_contamina,algo
768,region_2,100mil_mas,si,hombre,35-44,secundaria,2-3sm,ocupado,si,camion,ineficiente,lento,barato,inseguro,incomodo,poco,algo
769,region_1,2500_14999,no,mujer,65+,ninguna,2-3sm,no_ocupado,si,colectivo,ineficiente,lento,caro,inseguro,incomodo,poco,poco
770,region_3,100mil_mas,no,hombre,55-64,preparatoria,mas_6sm,ocupado,si,particular,ineficiente,lento,barato,inseguro,incomodo,poco,poco
771,region_3,2500_14999,no,hombre,35-44,secundaria,4-5sm,ocupado,si,particular,ineficiente,lento,caro,inseguro,incomodo,poco,poco
772,region_3,100mil_mas,no,hombre,35-44,preparatoria,mas_6sm,ocupado,si,particular,ineficiente,lento,barato,inseguro,incomodo,algo,algo
773,region_3,15mil_99999,no,mujer,25-34,ninguna,mas_6sm,no_ocupado,si,particular,ineficiente,lento,caro,inseguro,incomodo,poco,poco
774,region_2,100mil_mas,si,hombre,45-54,universidad,mas_6sm,ocupado,si,masivo,ineficiente,lento,caro,inseguro,incomodo,poco,poco
775,region_3,100mil_mas,no,hombre,55-64,preparatoria,5-6sm,no_ocupado,si,particular,ineficiente,rapido,barato,seguro,comodo,algo,algo
776,region_3,15mil_99999,no,mujer,35-44,preparatoria,mas_6sm,no_ocupado,si,particular,ineficiente,rapido,caro,seguro,incomodo,poco,algo
777,region_1,15mil_99999,si,hombre,35-44,secundaria,3-4sm,ocupado,si,particular,ineficiente,lento,barato,seguro,incomodo,no_contamina,nada
778,region_2,15mil_99999,si,hombre,35-44,preparatoria,mas_6sm,ocupado,si,particular,ineficiente,lento,barato,inseguro,incomodo,algo,poco
779,region_2,100mil_mas,si,hombre,35-44,universidad,mas_6sm,ocupado,si,particular,ineficiente,lento,caro,inseguro,incomodo,algo,mucho
780,region_3,2500_14999,no,hombre,25-34,secundaria,2-3sm,ocupado,si,otros,ineficiente,lento,caro,inseguro,incomodo,poco,poco
781,region_1,15mil_99999,si,mujer,35-44,secundaria,3-4sm,ocupado,si,particular,ineficiente,lento,barato,inseguro,incomodo,poco,nada
782,region_1,menos_2500,no,mujer,25-34,secundaria,1-2sm,no_ocupado,si,particular,ineficiente,rapido,caro,inseguro,incomodo,poco,nada
783,region_4,100mil_mas,no,hombre,25-34,secundaria,2-3sm,ocupado,si,particular,ineficiente,lento,caro,inseguro,incomodo,algo,poco
784,region_3,2500_14999,no,mujer,25-34,secundaria,3-4sm,ocupado,si,particular,ineficiente,lento,caro,inseguro,incomodo,poco,poco
785,region_1,menos_2500,no,hombre,25-34,secundaria,3-4sm,ocupado,si,particular,ineficiente,lento,caro,inseguro,incomodo,poco,algo
786,region_2,100mil_mas,si,hombre,45-54,preparatoria,mas_6sm,ocupado,si,masivo,ineficiente,lento,caro,inseguro,incomodo,poco,algo
788,region_3,100mil_mas,no,hombre,45-54,universidad,mas_6sm,ocupado,si,particular,ineficiente,rapido,barato,inseguro,incomodo,algo,poco
789,region_3,100mil_mas,no,hombre,25-34,preparatoria,3-4sm,ocupado,si,ninguno,ineficiente,lento,caro,inseguro,incomodo,mucho,algo
790,region_3,100mil_mas,no,mujer,25-34,preparatoria,5-6sm,ocupado,si,particular,ineficiente,lento,caro,inseguro,incomodo,mucho,algo
791,region_3,100mil_mas,no,hombre,35-44,secundaria,3-4sm,ocupado,si,particular,ineficiente,lento,caro,inseguro,incomodo,algo,algo
792,region_3,100mil_mas,no,mujer,35-44,secundaria,no_declaro,no_ocupado,si,particular,ineficiente,lento,caro,inseguro,incomodo,algo,algo
793,region_2,100mil_mas,si,hombre,55-64,universidad,mas_6sm,ocupado,si,particular,ineficiente,lento,barato,inseguro,incomodo,algo,algo
794,region_1,100mil_mas,si,mujer,45-54,secundaria,3-4sm,no_ocupado,si,particular,ineficiente,lento,caro,inseguro,incomodo,poco,algo
795,region_1,100mil_mas,si,hombre,35-44,universidad,3-4sm,ocupado,si,particular,ineficiente,lento,caro,inseguro,incomodo,mucho,mucho
796,region_3,15mil_99999,no,mujer,35-44,secundaria,4-5sm,no_ocupado,si,particular,ineficiente,lento,barato,inseguro,incomodo,poco,poco
797,region_1,100mil_mas,si,hombre,18-24,universidad,no_declaro,ocupado,si,particular,ineficiente,lento,caro,inseguro,incomodo,no_contamina,algo
798,region_3,15mil_99999,no,hombre,18-24,universidad,mas_6sm,ocupado,si,particular,ineficiente,lento,caro,inseguro,incomodo,poco,poco
799,region_3,100mil_mas,no,mujer,35-44,preparatoria,no_declaro,no_ocupado,si,ninguno,ineficiente,lento,caro,inseguro,incomodo,poco,poco
800,region_1,2500_14999,no,hombre,18-24,preparatoria,4-5sm,ocupado,si,camion,ineficiente,lento,caro,inseguro,incomodo,no_contamina,nada
801,region_2,15mil_99999,si,hombre,25-34,preparatoria,3-4sm,ocupado,si,particular,ineficiente,rapido,caro,inseguro,incomodo,no_contamina,poco
802,region_1,100mil_mas,no,hombre,55-64,secundaria,4-5sm,ocupado,si,camion,ineficiente,rapido,caro,inseguro,incomodo,algo,mucho
803,region_1,100mil_mas,si,mujer,55-64,primaria,4-5sm,no_ocupado,si,particular,ineficiente,lento,caro,inseguro,incomodo,algo,nada
804,region_2,100mil_mas,si,hombre,25-34,universidad,4-5sm,ocupado,si,particular,ineficiente,lento,caro,inseguro,incomodo,poco,algo
805,region_1,2500_14999,no,hombre,35-44,secundaria,3-4sm,ocupado,si,demanda,ineficiente,lento,caro,inseguro,incomodo,algo,poco
806,region_1,15mil_99999,si,hombre,25-34,secundaria,3-4sm,no_ocupado,si,particular,ineficiente,rapido,caro,inseguro,incomodo,no_contamina,nada
808,region_1,15mil_99999,no,hombre,45-54,primaria,mas_6sm,ocupado,si,particular,ineficiente,lento,caro,seguro,comodo,mucho,nada
809,region_1,15mil_99999,no,hombre,25-34,universidad,no_declaro,ocupado,si,particular,ineficiente,lento,barato,inseguro,incomodo,poco,poco
810,region_1,100mil_mas,si,mujer,45-54,secundaria,4-5sm,no_ocupado,si,particular,ineficiente,lento,caro,inseguro,incomodo,algo,algo
812,region_2,menos_2500,si,hombre,35-44,primaria,5-6sm,ocupado,si,activo,ineficiente,lento,barato,seguro,incomodo,algo,nada
813,region_1,menos_2500,no,mujer,25-34,preparatoria,1-2sm,ocupado,si,demanda,ineficiente,lento,caro,inseguro,incomodo,poco,algo
814,region_1,100mil_mas,no,hombre,25-34,secundaria,4-5sm,ocupado,si,ninguno,ineficiente,lento,barato,inseguro,incomodo,mucho,mucho
815,region_2,15mil_99999,si,mujer,35-44,secundaria,mas_6sm,no_ocupado,si,particular,ineficiente,rapido,barato,inseguro,incomodo,poco,algo
817,region_2,2500_14999,si,mujer,35-44,secundaria,mas_6sm,no_ocupado,si,particular,ineficiente,lento,caro,inseguro,incomodo,mucho,mucho
818,region_1,100mil_mas,no,hombre,25-34,secundaria,mas_6sm,no_ocupado,si,particular,ineficiente,lento,caro,inseguro,incomodo,poco,poco
819,region_2,15mil_99999,si,hombre,25-34,preparatoria,5-6sm,ocupado,si,particular,ineficiente,lento,caro,inseguro,incomodo,mucho,mucho
820,region_1,15mil_99999,si,hombre,35-44,ninguna,1-2sm,ocupado,si,particular,ineficiente,lento,caro,seguro,incomodo,algo,poco
821,region_1,100mil_mas,si,hombre,18-24,preparatoria,5-6sm,ocupado,si,particular,ineficiente,lento,barato,inseguro,incomodo,algo,algo
822,region_2,100mil_mas,si,mujer,35-44,preparatoria,1-2sm,no_ocupado,si,particular,ineficiente,lento,barato,inseguro,incomodo,poco,algo
823,region_2,100mil_mas,si,mujer,45-54,universidad,mas_6sm,no_ocupado,si,particular,ineficiente,lento,caro,inseguro,incomodo,poco,algo
825,region_2,100mil_mas,si,hombre,65+,universidad,no_declaro,no_ocupado,si,particular,ineficiente,lento,barato,inseguro,incomodo,algo,algo
826,region_4,100mil_mas,no,mujer,35-44,preparatoria,3-4sm,ocupado,si,particular,ineficiente,lento,caro,inseguro,incomodo,poco,poco
827,region_1,100mil_mas,no,hombre,25-34,preparatoria,3-4sm,ocupado,si,particular,ineficiente,lento,caro,inseguro,incomodo,poco,poco
828,region_1,100mil_mas,si,hombre,25-34,primaria,4-5sm,ocupado,si,particular,ineficiente,lento,barato,inseguro,incomodo,algo,algo
829,region_2,2500_14999,si,mujer,25-34,secundaria,mas_6sm,ocupado,si,particular,ineficiente,lento,caro,inseguro,incomodo,algo,algo
830,region_3,100mil_mas,no,mujer,25-34,secundaria,no_declaro,no_ocupado,si,ninguno,ineficiente,lento,caro,inseguro,incomodo,algo,algo
831,region_1,menos_2500,no,mujer,18-24,primaria,1-2sm,no_ocupado,si,particular,ineficiente,lento,caro,inseguro,incomodo,algo,poco
832,region_4,100mil_mas,no,hombre,55-64,universidad,4-5sm,no_ocupado,si,particular,ineficiente,lento,barato,inseguro,incomodo,poco,poco
833,region_3,100mil_mas,no,mujer,35-44,secundaria,4-5sm,ocupado,si,particular,ineficiente,lento,caro,inseguro,comodo,no_contamina,algo
834,region_1,100mil_mas,si,hombre,55-64,secundaria,menos_1sm,ocupado,si,particular,ineficiente,lento,barato,inseguro,incomodo,algo,algo
835,region_1,100mil_mas,si,hombre,35-44,preparatoria,3-4sm,ocupado,si,ninguno,ineficiente,lento,barato,inseguro,incomodo,mucho,mucho
836,region_3,100mil_mas,no,hombre,25-34,universidad,4-5sm,ocupado,si,particular,ineficiente,lento,caro,inseguro,incomodo,poco,poco
837,region_1,100mil_mas,si,hombre,65+,secundaria,3-4sm,ocupado,si,ninguno,ineficiente,lento,caro,inseguro,incomodo,no_contamina,poco
838,region_4,100mil_mas,no,mujer,45-54,preparatoria,2-3sm,no_ocupado,si,particular,ineficiente,lento,caro,inseguro,incomodo,no_contamina,poco
839,region_1,2500_14999,no,hombre,35-44,secundaria,4-5sm,ocupado,si,particular,ineficiente,lento,caro,inseguro,incomodo,algo,poco
840,region_2,100mil_mas,si,hombre,35-44,preparatoria,mas_6sm,ocupado,si,particular,ineficiente,lento,barato,inseguro,incomodo,algo,mucho
841,region_2,100mil_mas,si,hombre,25-34,secundaria,5-6sm,ocupado,si,ninguno,ineficiente,rapido,caro,inseguro,comodo,mucho,mucho
843,region_2,100mil_mas,si,hombre,45-54,preparatoria,mas_6sm,ocupado,si,particular,ineficiente,lento,caro,inseguro,incomodo,poco,mucho
844,region_2,100mil_mas,si,hombre,65+,universidad,no_declaro,ocupado,si,particular,ineficiente,lento,barato,inseguro,incomodo,algo,algo
845,region_1,menos_2500,no,hombre,25-34,preparatoria,mas_6sm,ocupado,si,particular,ineficiente,lento,caro,inseguro,incomodo,mucho,mucho
846,region_1,100mil_mas,si,mujer,45-54,primaria,mas_6sm,ocupado,si,particular,ineficiente,lento,barato,inseguro,incomodo,algo,algo
847,region_1,100mil_mas,si,hombre,18-24,secundaria,3-4sm,ocupado,si,particular,ineficiente,lento,barato,inseguro,incomodo,algo,poco
848,region_3,100mil_mas,no,hombre,25-34,preparatoria,1-2sm,ocupado,si,particular,ineficiente,rapido,caro,inseguro,incomodo,algo,poco
849,region_3,100mil_mas,no,hombre,35-44,secundaria,4-5sm,ocupado,si,particular,ineficiente,lento,caro,inseguro,incomodo,poco,algo
850,region_1,menos_2500,no,mujer,25-34,preparatoria,mas_6sm,no_ocupado,si,particular,ineficiente,lento,caro,seguro,incomodo,poco,nada
851,region_3,100mil_mas,no,hombre,25-34,universidad,mas_6sm,ocupado,si,ninguno,ineficiente,rapido,barato,seguro,comodo,algo,algo
852,region_2,100mil_mas,si,mujer,25-34,secundaria,mas_6sm,ocupado,si,camion,ineficiente,lento,barato,inseguro,incomodo,mucho,mucho
853,region_2,100mil_mas,si,mujer,65+,ninguna,2-3sm,ocupado,si,ninguno,ineficiente,lento,barato,seguro,comodo,algo,mucho
854,region_1,100mil_mas,no,mujer,25-34,secundaria,3-4sm,no_ocupado,si,camion,ineficiente,rapido,barato,inseguro,comodo,algo,mucho
855,region_3,2500_14999,no,hombre,35-44,preparatoria,mas_6sm,ocupado,si,particular,ineficiente,lento,caro,inseguro,incomodo,poco,poco
856,region_2,15mil_99999,si,hombre,55-64,secundaria,mas_6sm,ocupado,si,particular,ineficiente,lento,caro,inseguro,incomodo,poco,mucho
857,region_2,100mil_mas,si,mujer,55-64,preparatoria,mas_6sm,ocupado,si,particular,ineficiente,rapido,barato,inseguro,incomodo,no_contamina,poco
858,region_2,100mil_mas,si,mujer,25-34,secundaria,1-2sm,no_ocupado,si,particular,ineficiente,rapido,caro,inseguro,incomodo,poco,poco
859,region_2,2500_14999,si,hombre,35-44,secundaria,4-5sm,ocupado,si,colectivo,ineficiente,lento,caro,inseguro,incomodo,mucho,algo
860,region_2,100mil_mas,si,hombre,25-34,preparatoria,2-3sm,ocupado,si,particular,ineficiente,lento,barato,inseguro,incomodo,algo,mucho
861,region_2,100mil_mas,si,mujer,18-24,secundaria,2-3sm,no_ocupado,si,camion,ineficiente,lento,caro,inseguro,incomodo,mucho,algo
862,region_2,100mil_mas,si,hombre,18-24,preparatoria,no_declaro,no_ocupado,si,particular,ineficiente,lento,caro,inseguro,incomodo,no_contamina,mucho
863,region_1,15mil_99999,no,hombre,35-44,primaria,no_declaro,ocupado,si,particular,ineficiente,lento,barato,inseguro,comodo,no_contamina,poco
864,region_1,15mil_99999,no,hombre,45-54,secundaria,no_declaro,ocupado,si,particular,ineficiente,lento,caro,inseguro,incomodo,poco,algo
865,region_1,100mil_mas,no,hombre,45-54,secundaria,2-3sm,ocupado,si,particular,ineficiente,lento,caro,inseguro,incomodo,mucho,mucho
866,region_2,100mil_mas,si,mujer,35-44,preparatoria,5-6sm,ocupado,si,particular,ineficiente,lento,caro,inseguro,incomodo,mucho,mucho
868,region_3,2500_14999,no,mujer,35-44,secundaria,no_declaro,ocupado,si,particular,ineficiente,lento,barato,inseguro,incomodo,algo,algo
869,region_4,100mil_mas,no,mujer,25-34,preparatoria,mas_6sm,ocupado,si,particular,ineficiente,lento,caro,inseguro,incomodo,no_contamina,poco
870,region_2,100mil_mas,si,mujer,45-54,preparatoria,mas_6sm,ocupado,si,particular,ineficiente,lento,caro,inseguro,incomodo,algo,algo
871,region_3,100mil_mas,no,hombre,55-64,preparatoria,mas_6sm,ocupado,si,particular,ineficiente,lento,barato,inseguro,incomodo,mucho,algo
872,region_2,100mil_mas,si,mujer,25-34,preparatoria,mas_6sm,ocupado,si,particular,ineficiente,lento,barato,inseguro,incomodo,poco,algo
873,region_2,100mil_mas,si,mujer,55-64,universidad,mas_6sm,ocupado,si,ninguno,ineficiente,lento,barato,seguro,incomodo,poco,mucho
874,region_4,100mil_mas,no,hombre,55-64,universidad,no_declaro,ocupado,si,particular,ineficiente,lento,caro,inseguro,incomodo,poco,algo
875,region_4,100mil_mas,no,mujer,45-54,ninguna,mas_6sm,ocupado,si,ninguno,ineficiente,lento,barato,inseguro,incomodo,poco,poco
877,region_1,100mil_mas,si,hombre,35-44,ninguna,3-4sm,ocupado,si,otros,ineficiente,lento,caro,inseguro,incomodo,algo,algo
878,region_3,100mil_mas,no,mujer,35-44,preparatoria,3-4sm,no_ocupado,si,particular,ineficiente,lento,caro,inseguro,incomodo,mucho,poco
879,region_2,2500_14999,si,hombre,45-54,secundaria,3-4sm,ocupado,si,particular,ineficiente,lento,caro,inseguro,incomodo,algo,algo
880,region_2,15mil_99999,si,hombre,35-44,universidad,mas_6sm,ocupado,si,particular,ineficiente,lento,barato,inseguro,incomodo,algo,algo
881,region_1,100mil_mas,no,mujer,35-44,primaria,mas_6sm,no_ocupado,si,particular,ineficiente,lento,barato,inseguro,incomodo,poco,algo
882,region_1,2500_14999,no,hombre,65+,ninguna,1-2sm,ocupado,si,ninguno,ineficiente,lento,barato,inseguro,incomodo,poco,algo
883,region_3,2500_14999,no,mujer,25-34,universidad,3-4sm,ocupado,si,particular,ineficiente,lento,caro,inseguro,incomodo,algo,algo
884,region_3,2500_14999,no,mujer,25-34,preparatoria,4-5sm,ocupado,si,particular,ineficiente,rapido,caro,inseguro,incomodo,mucho,algo
885,region_1,100mil_mas,si,hombre,45-54,preparatoria,mas_6sm,ocupado,si,camion,ineficiente,lento,caro,inseguro,incomodo,poco,poco
886,region_2,100mil_mas,si,hombre,18-24,preparatoria,2-3sm,no_ocupado,si,particular,ineficiente,lento,barato,inseguro,incomodo,poco,poco
887,region_2,100mil_mas,si,hombre,55-64,preparatoria,no_declaro,ocupado,si,particular,ineficiente,lento,caro,inseguro,incomodo,algo,mucho
889,region_3,100mil_mas,no,mujer,18-24,preparatoria,no_declaro,no_ocupado,si,particular,ineficiente,lento,caro,inseguro,incomodo,poco,nada
890,region_2,100mil_mas,si,hombre,18-24,primaria,3-4sm,no_ocupado,si,ninguno,ineficiente,lento,caro,inseguro,incomodo,algo,poco
891,region_2,100mil_mas,si,hombre,45-54,universidad,no_declaro,ocupado,si,particular,ineficiente,lento,caro,inseguro,incomodo,algo,algo
892,region_1,100mil_mas,si,mujer,25-34,primaria,5-6sm,ocupado,si,particular,ineficiente,lento,barato,inseguro,incomodo,algo,algo
893,region_3,100mil_mas,no,hombre,18-24,preparatoria,3-4sm,no_ocupado,si,otros,ineficiente,rapido,caro,seguro,comodo,poco,algo
894,region_3,15mil_99999,no,hombre,35-44,primaria,mas_6sm,ocupado,si,particular,ineficiente,lento,caro,inseguro,incomodo,poco,poco
895,region_2,100mil_mas,si,hombre,18-24,secundaria,no_declaro,no_ocupado,si,particular,ineficiente,lento,caro,inseguro,incomodo,poco,algo
896,region_2,100mil_mas,si,mujer,25-34,universidad,no_declaro,ocupado,si,particular,ineficiente,lento,caro,inseguro,incomodo,algo,algo
897,region_2,100mil_mas,si,mujer,18-24,secundaria,mas_6sm,no_ocupado,si,otros,ineficiente,lento,caro,inseguro,incomodo,algo,poco
898,region_1,100mil_mas,si,hombre,18-24,universidad,no_declaro,ocupado,si,particular,ineficiente,lento,caro,inseguro,incomodo,mucho,mucho
899,region_2,100mil_mas,si,mujer,25-34,universidad,no_declaro,no_ocupado,si,particular,ineficiente,lento,caro,inseguro,incomodo,poco,algo
900,region_4,2500_14999,no,hombre,35-44,preparatoria,2-3sm,ocupado,si,particular,ineficiente,lento,caro,inseguro,incomodo,poco,algo
901,region_3,100mil_mas,no,mujer,35-44,preparatoria,no_declaro,no_ocupado,si,particular,ineficiente,lento,caro,inseguro,incomodo,no_contamina,algo
902,region_2,15mil_99999,si,hombre,35-44,secundaria,3-4sm,ocupado,si,particular,ineficiente,lento,caro,inseguro,incomodo,algo,poco
904,region_1,100mil_mas,no,mujer,18-24,primaria,1-2sm,no_ocupado,no,ninguno,ineficiente,rapido,barato,inseguro,incomodo,algo,mucho
905,region_1,menos_2500,no,mujer,45-54,ninguna,1-2sm,no_ocupado,no,camion,ineficiente,lento,caro,inseguro,incomodo,algo,algo
906,region_1,100mil_mas,si,mujer,35-44,secundaria,1-2sm,ocupado,no,ninguno,ineficiente,rapido,barato,seguro,incomodo,algo,algo
907,region_2,100mil_mas,si,hombre,65+,secundaria,menos_1sm,ocupado,no,camion,ineficiente,lento,caro,inseguro,incomodo,mucho,mucho
908,region_2,100mil_mas,si,mujer,25-34,secundaria,1-2sm,no_ocupado,no,camion,ineficiente,lento,caro,inseguro,incomodo,poco,algo
909,region_2,15mil_99999,si,mujer,55-64,secundaria,2-3sm,ocupado,no,activo,ineficiente,lento,caro,inseguro,incomodo,no_contamina,poco
910,region_2,100mil_mas,si,hombre,65+,universidad,no_declaro,no_ocupado,no,camion,ineficiente,rapido,barato,inseguro,incomodo,algo,mucho
912,region_1,15mil_99999,no,mujer,35-44,secundaria,mas_6sm,no_ocupado,no,colectivo,ineficiente,lento,caro,inseguro,incomodo,mucho,algo
913,region_1,15mil_99999,no,hombre,25-34,universidad,mas_6sm,ocupado,no,camion,ineficiente,lento,caro,inseguro,incomodo,mucho,algo
914,region_3,100mil_mas,si,hombre,35-44,secundaria,no_declaro,ocupado,no,otros,ineficiente,lento,caro,inseguro,incomodo,algo,algo
915,region_1,100mil_mas,no,mujer,18-24,preparatoria,mas_6sm,ocupado,no,ninguno,ineficiente,rapido,barato,inseguro,incomodo,algo,algo
916,region_1,2500_14999,no,mujer,35-44,preparatoria,mas_6sm,ocupado,no,camion,ineficiente,lento,caro,inseguro,incomodo,poco,nada
917,region_1,100mil_mas,no,mujer,35-44,secundaria,2-3sm,no_ocupado,no,camion,ineficiente,rapido,caro,inseguro,incomodo,algo,mucho
918,region_1,2500_14999,no,mujer,35-44,secundaria,2-3sm,no_ocupado,no,camion,ineficiente,rapido,caro,inseguro,incomodo,mucho,algo
919,region_4,100mil_mas,no,mujer,45-54,primaria,4-5sm,no_ocupado,no,ninguno,ineficiente,lento,barato,inseguro,incomodo,poco,poco
920,region_3,2500_14999,no,hombre,25-34,secundaria,4-5sm,ocupado,no,camion,ineficiente,lento,caro,inseguro,incomodo,poco,poco
921,region_3,15mil_99999,no,mujer,25-34,secundaria,mas_6sm,no_ocupado,no,particular,ineficiente,lento,caro,inseguro,incomodo,poco,poco
922,region_4,2500_14999,no,hombre,55-64,preparatoria,5-6sm,ocupado,no,camion,ineficiente,lento,caro,seguro,incomodo,poco,poco
923,region_4,2500_14999,no,mujer,65+,secundaria,1-2sm,no_ocupado,no,particular,ineficiente,lento,barato,inseguro,incomodo,poco,poco
924,region_1,100mil_mas,no,hombre,18-24,preparatoria,mas_6sm,no_ocupado,no,ninguno,ineficiente,rapido,barato,inseguro,incomodo,mucho,algo
925,region_1,100mil_mas,no,hombre,65+,primaria,2-3sm,ocupado,no,demanda,ineficiente,rapido,caro,inseguro,incomodo,algo,poco
926,region_1,100mil_mas,no,hombre,35-44,secundaria,mas_6sm,ocupado,no,camion,ineficiente,lento,caro,inseguro,incomodo,mucho,mucho
927,region_4,100mil_mas,no,mujer,35-44,secundaria,2-3sm,no_ocupado,no,colectivo,ineficiente,rapido,barato,inseguro,incomodo,mucho,mucho
928,region_4,100mil_mas,no,hombre,55-64,primaria,4-5sm,ocupado,no,colectivo,ineficiente,rapido,caro,inseguro,comodo,algo,nada
929,region_4,100mil_mas,no,mujer,25-34,preparatoria,3-4sm,no_ocupado,no,colectivo,ineficiente,rapido,barato,inseguro,incomodo,poco,poco
930,region_4,100mil_mas,no,mujer,55-64,ninguna,menos_1sm,ocupado,no,colectivo,ineficiente,rapido,caro,inseguro,incomodo,poco,poco
931,region_4,100mil_mas,no,mujer,18-24,primaria,1-2sm,ocupado,no,colectivo,ineficiente,rapido,caro,inseguro,incomodo,poco,poco
932,region_4,100mil_mas,no,mujer,45-54,secundaria,mas_6sm,ocupado,no,camion,ineficiente,rapido,caro,inseguro,incomodo,poco,poco
933,region_4,100mil_mas,no,hombre,25-34,preparatoria,4-5sm,ocupado,no,camion,ineficiente,lento,caro,inseguro,incomodo,algo,algo
934,region_4,100mil_mas,no,hombre,35-44,secundaria,1-2sm,ocupado,no,colectivo,ineficiente,rapido,caro,inseguro,incomodo,algo,algo
935,region_4,100mil_mas,no,mujer,25-34,ninguna,2-3sm,no_ocupado,no,colectivo,ineficiente,rapido,caro,seguro,comodo,mucho,mucho
936,region_4,100mil_mas,no,mujer,25-34,secundaria,2-3sm,no_ocupado,no,colectivo,ineficiente,lento,barato,inseguro,incomodo,algo,algo
937,region_4,100mil_mas,no,mujer,55-64,secundaria,mas_6sm,no_ocupado,no,colectivo,ineficiente,lento,caro,inseguro,incomodo,mucho,algo
938,region_4,100mil_mas,no,mujer,35-44,preparatoria,5-6sm,ocupado,no,colectivo,ineficiente,lento,caro,inseguro,incomodo,mucho,poco
939,region_4,100mil_mas,no,hombre,25-34,universidad,mas_6sm,ocupado,no,colectivo,ineficiente,lento,caro,inseguro,incomodo,poco,poco
940,region_4,100mil_mas,no,hombre,45-54,primaria,4-5sm,ocupado,no,colectivo,ineficiente,lento,caro,inseguro,incomodo,mucho,mucho
941,region_4,100mil_mas,no,mujer,25-34,primaria,mas_6sm,no_ocupado,no,colectivo,ineficiente,lento,barato,seguro,incomodo,algo,algo
942,region_4,100mil_mas,no,mujer,18-24,secundaria,3-4sm,ocupado,no,colectivo,ineficiente,lento,caro,inseguro,incomodo,algo,algo
943,region_4,100mil_mas,no,mujer,35-44,secundaria,3-4sm,ocupado,no,colectivo,ineficiente,lento,caro,inseguro,incomodo,poco,poco
944,region_3,100mil_mas,no,mujer,25-34,preparatoria,mas_6sm,no_ocupado,no,camion,ineficiente,lento,caro,inseguro,incomodo,algo,algo
945,region_3,100mil_mas,no,hombre,45-54,secundaria,3-4sm,ocupado,no,camion,ineficiente,lento,caro,inseguro,incomodo,mucho,algo
946,region_3,100mil_mas,no,hombre,18-24,universidad,no_declaro,no_ocupado,no,camion,ineficiente,rapido,caro,inseguro,comodo,poco,poco
947,region_3,100mil_mas,no,hombre,35-44,secundaria,mas_6sm,ocupado,no,camion,ineficiente,lento,caro,inseguro,incomodo,algo,algo
948,region_3,100mil_mas,no,hombre,35-44,preparatoria,5-6sm,ocupado,no,camion,ineficiente,lento,caro,inseguro,incomodo,mucho,poco
949,region_3,100mil_mas,no,mujer,45-54,secundaria,2-3sm,ocupado,no,camion,ineficiente,rapido,caro,seguro,comodo,poco,algo
950,region_2,100mil_mas,si,mujer,35-44,preparatoria,no_declaro,ocupado,no,ninguno,ineficiente,lento,caro,inseguro,incomodo,mucho,mucho
951,region_2,100mil_mas,si,mujer,45-54,secundaria,no_declaro,ocupado,no,camion,ineficiente,rapido,barato,seguro,comodo,poco,algo
952,region_2,100mil_mas,si,hombre,18-24,preparatoria,2-3sm,no_ocupado,no,masivo,ineficiente,rapido,caro,inseguro,incomodo,algo,mucho
953,region_2,100mil_mas,si,mujer,55-64,secundaria,5-6sm,ocupado,no,colectivo,ineficiente,lento,caro,inseguro,incomodo,mucho,algo
954,region_2,100mil_mas,si,hombre,35-44,preparatoria,4-5sm,ocupado,no,masivo,ineficiente,lento,caro,inseguro,incomodo,algo,mucho
955,region_2,100mil_mas,si,mujer,18-24,secundaria,mas_6sm,ocupado,no,masivo,ineficiente,lento,caro,inseguro,incomodo,poco,algo
957,region_2,100mil_mas,si,hombre,45-54,secundaria,mas_6sm,ocupado,no,masivo,ineficiente,lento,barato,inseguro,comodo,algo,algo
958,region_2,100mil_mas,si,hombre,18-24,secundaria,no_declaro,ocupado,no,camion,ineficiente,lento,caro,inseguro,incomodo,mucho,mucho
959,region_2,100mil_mas,si,hombre,25-34,preparatoria,mas_6sm,ocupado,no,camion,ineficiente,lento,caro,inseguro,incomodo,mucho,mucho
961,region_2,100mil_mas,si,hombre,45-54,primaria,2-3sm,ocupado,no,camion,ineficiente,rapido,barato,seguro,comodo,mucho,mucho
962,region_3,100mil_mas,no,hombre,45-54,secundaria,mas_6sm,ocupado,no,camion,ineficiente,lento,barato,inseguro,incomodo,algo,algo
963,region_3,100mil_mas,no,mujer,35-44,preparatoria,mas_6sm,ocupado,no,particular,ineficiente,lento,barato,inseguro,incomodo,mucho,algo
964,region_3,100mil_mas,no,hombre,65+,ninguna,2-3sm,ocupado,no,camion,ineficiente,lento,barato,inseguro,incomodo,mucho,algo
965,region_1,100mil_mas,no,mujer,45-54,primaria,1-2sm,ocupado,no,camion,ineficiente,lento,caro,seguro,incomodo,mucho,mucho
966,region_1,100mil_mas,no,hombre,55-64,ninguna,5-6sm,ocupado,no,camion,ineficiente,rapido,barato,seguro,comodo,algo,algo
967,region_1,100mil_mas,no,mujer,45-54,primaria,1-2sm,ocupado,no,camion,ineficiente,lento,caro,inseguro,incomodo,poco,algo
968,region_4,15mil_99999,no,hombre,35-44,secundaria,1-2sm,ocupado,no,activo,ineficiente,lento,caro,inseguro,incomodo,algo,algo
969,region_4,15mil_99999,no,mujer,18-24,primaria,mas_6sm,no_ocupado,no,camion,ineficiente,rapido,caro,seguro,incomodo,poco,poco
970,region_4,15mil_99999,no,hombre,25-34,ninguna,2-3sm,ocupado,no,camion,ineficiente,lento,caro,inseguro,incomodo,algo,mucho
971,region_4,15mil_99999,no,hombre,35-44,secundaria,no_declaro,ocupado,no,ninguno,ineficiente,lento,caro,inseguro,incomodo,algo,algo
972,region_4,15mil_99999,no,mujer,35-44,preparatoria,2-3sm,ocupado,no,camion,ineficiente,lento,caro,seguro,comodo,algo,mucho
973,region_4,15mil_99999,no,mujer,35-44,ninguna,mas_6sm,ocupado,no,colectivo,ineficiente,rapido,barato,inseguro,comodo,algo,algo
975,region_4,15mil_99999,no,hombre,35-44,preparatoria,2-3sm,ocupado,no,colectivo,ineficiente,lento,caro,inseguro,incomodo,algo,poco
976,region_4,menos_2500,no,mujer,55-64,primaria,2-3sm,ocupado,no,camion,ineficiente,lento,caro,inseguro,incomodo,poco,algo
977,region_4,menos_2500,no,hombre,25-34,secundaria,2-3sm,ocupado,no,camion,ineficiente,rapido,caro,seguro,incomodo,algo,poco
978,region_4,menos_2500,no,hombre,55-64,ninguna,menos_1sm,ocupado,no,colectivo,ineficiente,lento,caro,inseguro,comodo,algo,algo
979,region_4,menos_2500,no,hombre,45-54,primaria,no_declaro,ocupado,no,activo,ineficiente,lento,caro,inseguro,incomodo,algo,poco
980,region_4,menos_2500,no,hombre,18-24,secundaria,3-4sm,ocupado,no,camion,ineficiente,rapido,caro,seguro,incomodo,poco,poco
981,region_1,15mil_99999,si,hombre,18-24,secundaria,no_declaro,no_ocupado,no,camion,ineficiente,lento,caro,inseguro,incomodo,poco,poco
982,region_1,100mil_mas,si,hombre,25-34,universidad,no_declaro,ocupado,no,camion,ineficiente,lento,caro,inseguro,incomodo,mucho,algo
983,region_1,100mil_mas,si,mujer,18-24,secundaria,4-5sm,ocupado,no,camion,ineficiente,lento,caro,inseguro,incomodo,mucho,algo
984,region_1,100mil_mas,si,mujer,55-64,primaria,mas_6sm,no_ocupado,no,camion,ineficiente,lento,caro,inseguro,incomodo,mucho,mucho
985,region_1,100mil_mas,si,hombre,35-44,secundaria,3-4sm,ocupado,no,camion,ineficiente,rapido,caro,inseguro,incomodo,mucho,mucho
986,region_1,100mil_mas,si,mujer,25-34,secundaria,5-6sm,ocupado,no,camion,ineficiente,lento,caro,inseguro,incomodo,mucho,mucho
987,region_1,100mil_mas,si,hombre,45-54,preparatoria,3-4sm,ocupado,no,otros,ineficiente,lento,caro,inseguro,incomodo,algo,poco
988,region_1,100mil_mas,si,mujer,45-54,secundaria,3-4sm,ocupado,no,camion,ineficiente,lento,caro,inseguro,incomodo,mucho,algo
989,region_1,100mil_mas,si,hombre,55-64,universidad,4-5sm,ocupado,no,camion,ineficiente,lento,caro,inseguro,incomodo,mucho,mucho
990,region_1,100mil_mas,si,mujer,25-34,secundaria,3-4sm,no_ocupado,no,masivo,ineficiente,lento,barato,inseguro,incomodo,algo,algo
991,region_1,100mil_mas,si,hombre,45-54,secundaria,1-2sm,ocupado,no,camion,ineficiente,lento,barato,inseguro,incomodo,algo,algo
992,region_1,100mil_mas,si,mujer,25-34,primaria,3-4sm,no_ocupado,no,camion,ineficiente,rapido,barato,inseguro,incomodo,algo,algo
993,region_2,100mil_mas,si,hombre,18-24,secundaria,no_declaro,no_ocupado,no,camion,ineficiente,lento,barato,inseguro,incomodo,mucho,mucho
994,region_2,100mil_mas,si,hombre,18-24,preparatoria,3-4sm,no_ocupado,no,camion,ineficiente,rapido,caro,inseguro,incomodo,algo,mucho
995,region_2,100mil_mas,si,hombre,25-34,secundaria,4-5sm,ocupado,no,masivo,ineficiente,rapido,caro,inseguro,incomodo,poco,poco
996,region_2,100mil_mas,si,hombre,65+,secundaria,no_declaro,no_ocupado,no,masivo,ineficiente,rapido,caro,inseguro,incomodo,mucho,poco
997,region_2,100mil_mas,si,hombre,25-34,preparatoria,mas_6sm,ocupado,no,otros,ineficiente,lento,caro,inseguro,incomodo,mucho,mucho
998,region_2,2500_14999,si,mujer,18-24,secundaria,2-3sm,no_ocupado,no,masivo,ineficiente,lento,caro,inseguro,incomodo,algo,algo
999,region_2,2500_14999,si,hombre,55-64,secundaria,mas_6sm,ocupado,no,camion,ineficiente,lento,caro,inseguro,incomodo,mucho,mucho
1000,region_2,2500_14999,si,hombre,35-44,secundaria,no_declaro,ocupado,no,camion,ineficiente,lento,caro,inseguro,incomodo,mucho,mucho
1001,region_2,100mil_mas,si,mujer,35-44,secundaria,no_declaro,ocupado,no,camion,ineficiente,lento,caro,inseguro,incomodo,mucho,mucho
1002,region_2,100mil_mas,si,hombre,35-44,primaria,no_declaro,ocupado,no,camion,ineficiente,rapido,caro,inseguro,incomodo,algo,poco
1003,region_2,100mil_mas,si,hombre,25-34,secundaria,4-5sm,ocupado,no,particular,ineficiente,lento,caro,inseguro,incomodo,poco,poco
1004,region_2,100mil_mas,si,mujer,35-44,secundaria,mas_6sm,ocupado,no,camion,ineficiente,lento,caro,inseguro,incomodo,mucho,algo
1005,region_2,100mil_mas,si,mujer,45-54,ninguna,4-5sm,ocupado,no,camion,ineficiente,lento,caro,inseguro,incomodo,poco,algo
1006,region_2,menos_2500,si,hombre,65+,ninguna,1-2sm,no_ocupado,no,activo,ineficiente,lento,caro,inseguro,incomodo,no_contamina,poco
1007,region_2,menos_2500,si,hombre,55-64,secundaria,3-4sm,ocupado,no,activo,ineficiente,lento,caro,inseguro,incomodo,no_contamina,nada
1008,region_2,15mil_99999,si,mujer,25-34,secundaria,no_declaro,no_ocupado,no,colectivo,ineficiente,rapido,caro,seguro,comodo,no_contamina,mucho
1009,region_2,15mil_99999,si,hombre,35-44,universidad,mas_6sm,ocupado,no,camion,ineficiente,lento,caro,inseguro,incomodo,mucho,mucho
1010,region_2,15mil_99999,si,hombre,45-54,primaria,mas_6sm,ocupado,no,particular,ineficiente,lento,caro,inseguro,incomodo,mucho,mucho
1011,region_2,15mil_99999,si,mujer,25-34,secundaria,2-3sm,ocupado,no,camion,ineficiente,lento,caro,inseguro,incomodo,no_contamina,mucho
1012,region_2,100mil_mas,si,mujer,35-44,preparatoria,1-2sm,no_ocupado,no,camion,ineficiente,lento,caro,inseguro,incomodo,mucho,mucho
1013,region_2,100mil_mas,si,mujer,18-24,preparatoria,mas_6sm,no_ocupado,no,camion,ineficiente,rapido,barato,inseguro,incomodo,algo,mucho
1014,region_2,100mil_mas,si,hombre,18-24,preparatoria,no_declaro,no_ocupado,no,colectivo,ineficiente,lento,caro,inseguro,incomodo,mucho,mucho
1015,region_2,100mil_mas,si,hombre,18-24,secundaria,no_declaro,no_ocupado,no,particular,ineficiente,lento,caro,seguro,incomodo,poco,poco
1016,region_2,15mil_99999,si,mujer,18-24,preparatoria,3-4sm,no_ocupado,no,ninguno,ineficiente,lento,caro,inseguro,incomodo,poco,mucho
1017,region_2,15mil_99999,si,hombre,45-54,secundaria,3-4sm,ocupado,no,ninguno,ineficiente,lento,caro,inseguro,incomodo,poco,algo
1018,region_2,15mil_99999,si,hombre,45-54,secundaria,no_declaro,ocupado,no,particular,ineficiente,lento,caro,inseguro,incomodo,poco,mucho
1019,region_2,15mil_99999,si,mujer,35-44,preparatoria,2-3sm,no_ocupado,no,ninguno,ineficiente,lento,caro,inseguro,incomodo,poco,mucho
1020,region_2,15mil_99999,si,hombre,45-54,secundaria,1-2sm,ocupado,no,ninguno,ineficiente,lento,caro,inseguro,incomodo,algo,mucho
1021,region_2,15mil_99999,si,mujer,25-34,preparatoria,3-4sm,no_ocupado,no,ninguno,ineficiente,lento,caro,seguro,incomodo,algo,algo
1022,region_1,15mil_99999,no,mujer,18-24,preparatoria,mas_6sm,ocupado,no,colectivo,ineficiente,rapido,caro,inseguro,incomodo,poco,poco
1023,region_1,15mil_99999,no,hombre,18-24,preparatoria,3-4sm,no_ocupado,no,camion,ineficiente,rapido,caro,inseguro,incomodo,algo,poco
1024,region_1,15mil_99999,no,hombre,25-34,preparatoria,2-3sm,ocupado,no,colectivo,ineficiente,lento,barato,inseguro,incomodo,algo,algo
1025,region_1,15mil_99999,no,hombre,65+,ninguna,1-2sm,ocupado,no,otros,ineficiente,lento,caro,inseguro,incomodo,mucho,algo
1026,region_1,15mil_99999,no,mujer,18-24,preparatoria,3-4sm,no_ocupado,no,colectivo,ineficiente,lento,barato,seguro,incomodo,algo,poco
1027,region_3,100mil_mas,si,mujer,25-34,secundaria,no_declaro,no_ocupado,no,camion,ineficiente,lento,caro,inseguro,incomodo,poco,algo
1028,region_3,100mil_mas,si,hombre,35-44,secundaria,no_declaro,ocupado,no,camion,ineficiente,lento,caro,inseguro,incomodo,mucho,algo
1029,region_3,100mil_mas,si,mujer,55-64,secundaria,no_declaro,no_ocupado,no,camion,ineficiente,rapido,caro,inseguro,incomodo,algo,mucho
1030,region_3,100mil_mas,si,hombre,45-54,secundaria,no_declaro,ocupado,no,masivo,ineficiente,lento,caro,inseguro,incomodo,mucho,mucho
1031,region_3,100mil_mas,si,mujer,18-24,secundaria,no_declaro,no_ocupado,no,camion,ineficiente,lento,caro,inseguro,incomodo,algo,poco
1032,region_3,100mil_mas,si,mujer,18-24,preparatoria,no_declaro,ocupado,no,masivo,ineficiente,lento,caro,inseguro,incomodo,algo,algo
1033,region_3,100mil_mas,si,hombre,55-64,ninguna,no_declaro,ocupado,no,camion,ineficiente,lento,caro,inseguro,incomodo,mucho,algo
1034,region_3,100mil_mas,si,hombre,35-44,secundaria,mas_6sm,ocupado,no,masivo,ineficiente,rapido,caro,inseguro,comodo,no_contamina,algo
1036,region_3,100mil_mas,si,mujer,45-54,preparatoria,mas_6sm,ocupado,no,masivo,ineficiente,rapido,barato,seguro,comodo,no_contamina,algo
1037,region_3,100mil_mas,si,mujer,55-64,primaria,3-4sm,ocupado,no,masivo,ineficiente,lento,caro,inseguro,incomodo,mucho,mucho
1038,region_3,100mil_mas,si,hombre,45-54,preparatoria,4-5sm,ocupado,no,masivo,ineficiente,rapido,barato,seguro,comodo,no_contamina,algo
1039,region_3,100mil_mas,si,mujer,35-44,secundaria,mas_6sm,ocupado,no,masivo,ineficiente,rapido,barato,seguro,comodo,no_contamina,algo
1040,region_4,15mil_99999,no,hombre,55-64,ninguna,2-3sm,ocupado,no,demanda,ineficiente,lento,barato,inseguro,incomodo,algo,algo
1041,region_4,15mil_99999,no,mujer,35-44,primaria,2-3sm,no_ocupado,no,demanda,ineficiente,lento,barato,inseguro,incomodo,algo,algo
1042,region_1,100mil_mas,no,mujer,35-44,secundaria,4-5sm,ocupado,no,camion,ineficiente,lento,caro,inseguro,incomodo,mucho,mucho
1043,region_1,100mil_mas,no,hombre,18-24,preparatoria,5-6sm,ocupado,no,camion,ineficiente,lento,caro,inseguro,incomodo,algo,algo
1044,region_1,100mil_mas,no,mujer,25-34,secundaria,mas_6sm,ocupado,no,camion,ineficiente,rapido,barato,inseguro,incomodo,algo,algo
1045,region_1,100mil_mas,no,mujer,35-44,secundaria,mas_6sm,no_ocupado,no,colectivo,ineficiente,lento,caro,inseguro,incomodo,mucho,mucho
1046,region_1,2500_14999,no,hombre,35-44,primaria,1-2sm,ocupado,no,colectivo,ineficiente,lento,caro,inseguro,incomodo,mucho,algo
1047,region_1,2500_14999,no,hombre,25-34,secundaria,1-2sm,ocupado,no,colectivo,ineficiente,lento,caro,seguro,incomodo,mucho,algo
1048,region_1,2500_14999,no,hombre,18-24,secundaria,1-2sm,no_ocupado,no,ninguno,ineficiente,lento,caro,inseguro,incomodo,poco,poco
1049,region_1,2500_14999,no,hombre,18-24,preparatoria,2-3sm,no_ocupado,no,camion,ineficiente,lento,caro,inseguro,incomodo,algo,algo
1050,region_1,100mil_mas,no,hombre,25-34,preparatoria,3-4sm,ocupado,no,camion,ineficiente,lento,caro,inseguro,incomodo,algo,algo
1051,region_1,100mil_mas,no,mujer,18-24,preparatoria,5-6sm,no_ocupado,no,camion,ineficiente,lento,caro,inseguro,incomodo,algo,poco
1052,region_1,100mil_mas,no,mujer,25-34,secundaria,2-3sm,no_ocupado,no,camion,ineficiente,lento,caro,inseguro,incomodo,algo,algo
1053,region_1,100mil_mas,no,mujer,18-24,secundaria,1-2sm,no_ocupado,no,colectivo,ineficiente,rapido,caro,seguro,incomodo,algo,poco
1054,region_1,100mil_mas,no,hombre,45-54,secundaria,3-4sm,ocupado,no,colectivo,ineficiente,lento,barato,inseguro,incomodo,poco,algo
1055,region_4,100mil_mas,no,hombre,18-24,secundaria,4-5sm,no_ocupado,no,ninguno,ineficiente,lento,barato,seguro,incomodo,mucho,mucho
1056,region_4,100mil_mas,no,hombre,25-34,preparatoria,mas_6sm,ocupado,no,demanda,ineficiente,rapido,barato,inseguro,incomodo,algo,poco
1057,region_4,100mil_mas,no,mujer,25-34,preparatoria,mas_6sm,ocupado,no,ninguno,ineficiente,lento,barato,inseguro,incomodo,mucho,poco
1058,region_1,menos_2500,no,hombre,25-34,secundaria,1-2sm,ocupado,no,camion,ineficiente,lento,caro,inseguro,incomodo,mucho,poco
1059,region_1,menos_2500,no,hombre,18-24,secundaria,mas_6sm,ocupado,no,particular,ineficiente,lento,caro,inseguro,incomodo,mucho,algo
1060,region_1,menos_2500,no,hombre,65+,primaria,no_declaro,no_ocupado,no,otros,ineficiente,lento,caro,inseguro,incomodo,mucho,mucho
1061,region_1,menos_2500,no,hombre,65+,ninguna,1-2sm,ocupado,no,otros,ineficiente,rapido,caro,seguro,comodo,poco,nada
1062,region_1,menos_2500,no,hombre,18-24,primaria,no_declaro,ocupado,no,colectivo,ineficiente,rapido,caro,inseguro,comodo,poco,poco
1063,region_3,100mil_mas,no,hombre,35-44,secundaria,2-3sm,ocupado,no,otros,ineficiente,lento,caro,inseguro,incomodo,poco,poco
1064,region_3,100mil_mas,no,hombre,25-34,secundaria,4-5sm,ocupado,no,ninguno,ineficiente,lento,caro,inseguro,incomodo,poco,algo
1065,region_3,menos_2500,no,hombre,45-54,preparatoria,menos_1sm,ocupado,no,camion,ineficiente,lento,caro,inseguro,incomodo,algo,poco
1066,region_3,2500_14999,no,hombre,45-54,preparatoria,mas_6sm,ocupado,no,camion,ineficiente,lento,caro,inseguro,incomodo,algo,algo
1067,region_3,2500_14999,no,hombre,25-34,universidad,5-6sm,ocupado,no,camion,ineficiente,lento,caro,inseguro,incomodo,mucho,poco
1068,region_3,2500_14999,no,hombre,18-24,primaria,3-4sm,no_ocupado,no,camion,ineficiente,lento,caro,inseguro,incomodo,poco,poco
1069,region_3,2500_14999,no,mujer,25-34,preparatoria,no_declaro,ocupado,no,particular,ineficiente,lento,caro,inseguro,incomodo,algo,algo
1070,region_3,15mil_99999,no,hombre,18-24,secundaria,no_declaro,no_ocupado,no,camion,ineficiente,lento,caro,seguro,comodo,algo,algo
1071,region_3,15mil_99999,no,mujer,45-54,secundaria,2-3sm,ocupado,no,camion,ineficiente,lento,barato,inseguro,incomodo,algo,poco
1072,region_3,15mil_99999,no,hombre,45-54,primaria,mas_6sm,ocupado,no,particular,ineficiente,lento,caro,inseguro,incomodo,poco,algo
1073,region_3,15mil_99999,no,mujer,25-34,preparatoria,5-6sm,ocupado,no,particular,ineficiente,lento,barato,seguro,incomodo,poco,poco
1074,region_3,15mil_99999,no,mujer,25-34,ninguna,mas_6sm,no_ocupado,no,camion,ineficiente,lento,caro,inseguro,incomodo,poco,algo
1075,region_3,100mil_mas,no,hombre,18-24,preparatoria,no_declaro,ocupado,no,ninguno,ineficiente,lento,caro,inseguro,incomodo,algo,poco
1077,region_3,15mil_99999,no,hombre,45-54,secundaria,4-5sm,ocupado,no,otros,ineficiente,rapido,barato,inseguro,incomodo,algo,poco
1078,region_3,15mil_99999,no,mujer,18-24,secundaria,3-4sm,ocupado,no,otros,ineficiente,lento,caro,inseguro,incomodo,mucho,poco
1079,region_3,15mil_99999,no,mujer,35-44,preparatoria,mas_6sm,ocupado,no,particular,ineficiente,lento,barato,inseguro,incomodo,poco,nada
1080,region_3,15mil_99999,no,hombre,18-24,preparatoria,mas_6sm,ocupado,no,particular,ineficiente,lento,caro,inseguro,incomodo,mucho,poco
1081,region_3,15mil_99999,no,hombre,25-34,secundaria,mas_6sm,ocupado,no,camion,ineficiente,rapido,caro,inseguro,comodo,poco,poco
1082,region_4,2500_14999,no,mujer,45-54,preparatoria,4-5sm,no_ocupado,no,camion,ineficiente,lento,barato,seguro,incomodo,algo,poco
1083,region_4,2500_14999,no,hombre,18-24,universidad,4-5sm,ocupado,no,camion,ineficiente,lento,caro,inseguro,incomodo,algo,poco
1084,region_4,2500_14999,no,mujer,35-44,secundaria,1-2sm,no_ocupado,no,demanda,ineficiente,lento,barato,inseguro,incomodo,poco,poco
1085,region_4,2500_14999,no,hombre,35-44,secundaria,2-3sm,ocupado,no,demanda,ineficiente,lento,barato,inseguro,incomodo,mucho,algo
1086,region_4,2500_14999,no,hombre,25-34,preparatoria,3-4sm,ocupado,no,demanda,ineficiente,lento,barato,inseguro,incomodo,poco,algo
1087,region_3,2500_14999,no,mujer,18-24,secundaria,5-6sm,no_ocupado,no,ninguno,ineficiente,lento,caro,inseguro,incomodo,mucho,algo
1088,region_3,2500_14999,no,hombre,18-24,secundaria,3-4sm,no_ocupado,no,demanda,ineficiente,lento,caro,inseguro,comodo,algo,poco
1091,region_4,15mil_99999,no,mujer,35-44,preparatoria,2-3sm,ocupado,no,camion,ineficiente,lento,caro,seguro,incomodo,algo,algo
1092,region_1,100mil_mas,no,mujer,45-54,primaria,mas_6sm,no_ocupado,no,demanda,ineficiente,lento,caro,inseguro,incomodo,poco,poco
1093,region_1,100mil_mas,no,hombre,18-24,primaria,3-4sm,ocupado,no,ninguno,ineficiente,lento,caro,inseguro,incomodo,algo,algo
1094,region_3,100mil_mas,no,hombre,25-34,secundaria,no_declaro,no_ocupado,no,camion,ineficiente,lento,caro,inseguro,comodo,algo,algo
1095,region_2,100mil_mas,si,mujer,65+,ninguna,4-5sm,no_ocupado,no,ninguno,ineficiente,lento,caro,inseguro,incomodo,algo,mucho
1096,region_2,100mil_mas,si,hombre,25-34,secundaria,3-4sm,ocupado,no,activo,ineficiente,rapido,barato,seguro,comodo,poco,poco
1097,region_2,100mil_mas,si,mujer,25-34,secundaria,3-4sm,no_ocupado,no,masivo,ineficiente,rapido,barato,inseguro,incomodo,algo,mucho
1098,region_2,100mil_mas,si,hombre,18-24,secundaria,3-4sm,no_ocupado,no,camion,ineficiente,lento,caro,inseguro,incomodo,poco,algo
1100,region_2,100mil_mas,si,mujer,18-24,secundaria,4-5sm,ocupado,no,ninguno,ineficiente,rapido,barato,inseguro,comodo,algo,mucho
1101,region_3,100mil_mas,no,mujer,35-44,secundaria,3-4sm,ocupado,no,ninguno,ineficiente,lento,caro,inseguro,incomodo,algo,algo
1102,region_3,100mil_mas,no,hombre,35-44,secundaria,2-3sm,ocupado,no,camion,ineficiente,lento,caro,inseguro,incomodo,algo,algo
1103,region_3,100mil_mas,no,mujer,55-64,ninguna,no_declaro,no_ocupado,no,camion,ineficiente,rapido,caro,inseguro,incomodo,algo,poco
1104,region_4,15mil_99999,no,hombre,25-34,ninguna,3-4sm,ocupado,no,camion,ineficiente,rapido,caro,inseguro,incomodo,mucho,algo
1106,region_1,menos_2500,no,hombre,25-34,secundaria,no_declaro,ocupado,no,colectivo,ineficiente,lento,caro,inseguro,incomodo,poco,poco
1107,region_1,menos_2500,no,hombre,25-34,preparatoria,2-3sm,ocupado,no,camion,ineficiente,lento,caro,inseguro,incomodo,poco,poco
1108,region_1,15mil_99999,si,mujer,35-44,secundaria,2-3sm,ocupado,no,demanda,ineficiente,lento,caro,seguro,comodo,no_contamina,nada
1109,region_1,15mil_99999,si,mujer,35-44,primaria,2-3sm,no_ocupado,no,ninguno,ineficiente,rapido,caro,inseguro,incomodo,no_contamina,nada
1110,region_1,15mil_99999,si,mujer,25-34,secundaria,1-2sm,no_ocupado,no,camion,ineficiente,lento,caro,inseguro,incomodo,algo,poco
1111,region_1,15mil_99999,si,mujer,55-64,primaria,1-2sm,no_ocupado,no,camion,ineficiente,lento,caro,seguro,incomodo,poco,nada
1112,region_1,100mil_mas,si,mujer,55-64,ninguna,no_declaro,no_ocupado,no,ninguno,ineficiente,rapido,caro,inseguro,comodo,mucho,algo
1114,region_1,100mil_mas,si,hombre,65+,universidad,menos_1sm,no_ocupado,no,ninguno,ineficiente,lento,caro,inseguro,incomodo,mucho,mucho
1115,region_1,100mil_mas,si,mujer,25-34,primaria,2-3sm,no_ocupado,no,ninguno,ineficiente,lento,barato,inseguro,incomodo,no_contamina,algo
1116,region_2,100mil_mas,si,hombre,65+,preparatoria,no_declaro,no_ocupado,no,ninguno,ineficiente,lento,barato,inseguro,incomodo,poco,poco
1117,region_2,100mil_mas,si,hombre,65+,primaria,no_declaro,no_ocupado,no,ninguno,ineficiente,lento,caro,inseguro,incomodo,algo,algo
1118,region_2,2500_14999,si,hombre,65+,ninguna,no_declaro,no_ocupado,no,colectivo,ineficiente,lento,barato,seguro,incomodo,mucho,poco
1119,region_2,2500_14999,si,mujer,25-34,primaria,1-2sm,no_ocupado,no,ninguno,ineficiente,lento,caro,inseguro,incomodo,algo,algo
1120,region_2,2500_14999,si,hombre,45-54,ninguna,no_declaro,ocupado,no,ninguno,ineficiente,lento,caro,inseguro,incomodo,algo,poco
1121,region_2,100mil_mas,si,mujer,65+,ninguna,no_declaro,no_ocupado,no,ninguno,ineficiente,rapido,caro,inseguro,incomodo,algo,algo
1122,region_2,100mil_mas,si,mujer,45-54,primaria,2-3sm,no_ocupado,no,ninguno,ineficiente,lento,caro,inseguro,incomodo,mucho,algo
1123,region_2,menos_2500,si,mujer,45-54,secundaria,1-2sm,no_ocupado,no,activo,ineficiente,lento,caro,seguro,incomodo,no_contamina,algo
1124,region_2,menos_2500,si,mujer,18-24,primaria,4-5sm,ocupado,no,activo,ineficiente,lento,barato,seguro,incomodo,algo,nada
1125,region_2,15mil_99999,si,hombre,65+,preparatoria,no_declaro,no_ocupado,no,particular,ineficiente,lento,caro,inseguro,incomodo,poco,poco
1126,region_2,15mil_99999,si,mujer,55-64,ninguna,2-3sm,no_ocupado,no,masivo,ineficiente,rapido,caro,inseguro,incomodo,algo,algo
1127,region_2,15mil_99999,si,hombre,45-54,preparatoria,4-5sm,ocupado,no,colectivo,ineficiente,lento,caro,inseguro,incomodo,no_contamina,mucho
1128,region_2,15mil_99999,si,mujer,55-64,preparatoria,mas_6sm,ocupado,no,ninguno,ineficiente,lento,caro,inseguro,incomodo,mucho,algo
1129,region_2,15mil_99999,si,mujer,35-44,secundaria,no_declaro,ocupado,no,ninguno,ineficiente,rapido,caro,inseguro,incomodo,poco,mucho
1130,region_2,15mil_99999,si,hombre,35-44,secundaria,2-3sm,ocupado,no,camion,ineficiente,lento,caro,inseguro,incomodo,no_contamina,poco
1131,region_2,15mil_99999,si,hombre,35-44,secundaria,3-4sm,ocupado,no,particular,ineficiente,rapido,caro,inseguro,incomodo,mucho,poco
1132,region_2,15mil_99999,si,mujer,65+,ninguna,no_declaro,ocupado,no,demanda,ineficiente,lento,caro,inseguro,incomodo,poco,poco
1133,region_2,100mil_mas,si,hombre,65+,preparatoria,no_declaro,no_ocupado,no,ninguno,ineficiente,lento,caro,inseguro,incomodo,mucho,mucho
1134,region_2,100mil_mas,si,hombre,18-24,preparatoria,3-4sm,no_ocupado,no,ninguno,ineficiente,lento,caro,inseguro,comodo,mucho,mucho
1135,region_2,100mil_mas,si,hombre,25-34,secundaria,2-3sm,no_ocupado,no,ninguno,ineficiente,lento,caro,inseguro,incomodo,mucho,mucho
1136,region_2,100mil_mas,si,hombre,25-34,preparatoria,no_declaro,ocupado,no,colectivo,ineficiente,lento,caro,inseguro,incomodo,mucho,mucho
1137,region_2,100mil_mas,si,hombre,25-34,secundaria,3-4sm,no_ocupado,no,masivo,ineficiente,lento,caro,inseguro,incomodo,mucho,algo
1138,region_2,100mil_mas,si,mujer,55-64,primaria,no_declaro,no_ocupado,no,ninguno,ineficiente,lento,caro,inseguro,incomodo,algo,algo
1139,region_2,100mil_mas,si,mujer,35-44,preparatoria,3-4sm,ocupado,no,ninguno,ineficiente,lento,caro,inseguro,comodo,mucho,mucho
1140,region_2,100mil_mas,si,mujer,55-64,primaria,no_declaro,no_ocupado,no,ninguno,ineficiente,lento,caro,inseguro,incomodo,algo,mucho
1141,region_2,15mil_99999,si,mujer,35-44,preparatoria,mas_6sm,no_ocupado,no,particular,ineficiente,rapido,barato,seguro,incomodo,no_contamina,algo
1142,region_2,15mil_99999,si,hombre,45-54,secundaria,no_declaro,ocupado,no,colectivo,ineficiente,lento,caro,inseguro,incomodo,algo,poco
1143,region_1,15mil_99999,no,hombre,55-64,ninguna,no_declaro,ocupado,no,camion,ineficiente,lento,caro,inseguro,incomodo,poco,poco
1144,region_1,15mil_99999,no,hombre,25-34,universidad,5-6sm,ocupado,no,demanda,ineficiente,lento,barato,seguro,incomodo,poco,nada
1145,region_3,100mil_mas,si,hombre,25-34,universidad,no_declaro,ocupado,no,ninguno,ineficiente,rapido,caro,inseguro,incomodo,algo,algo
1146,region_3,100mil_mas,si,mujer,18-24,secundaria,no_declaro,no_ocupado,no,ninguno,ineficiente,lento,caro,inseguro,incomodo,algo,algo
1147,region_3,100mil_mas,si,hombre,25-34,secundaria,no_declaro,ocupado,no,demanda,ineficiente,lento,caro,inseguro,incomodo,algo,algo
1154,region_3,100mil_mas,si,mujer,45-54,secundaria,2-3sm,no_ocupado,no,demanda,ineficiente,rapido,caro,inseguro,comodo,poco,algo
1155,region_4,menos_2500,no,mujer,35-44,secundaria,no_declaro,no_ocupado,no,colectivo,ineficiente,lento,barato,inseguro,incomodo,algo,nada
1156,region_4,menos_2500,no,mujer,55-64,ninguna,no_declaro,no_ocupado,no,activo,ineficiente,lento,caro,inseguro,incomodo,no_contamina,nada
1158,region_1,100mil_mas,no,hombre,45-54,secundaria,2-3sm,ocupado,no,camion,ineficiente,lento,caro,inseguro,incomodo,algo,mucho
1159,region_1,100mil_mas,no,hombre,35-44,ninguna,2-3sm,ocupado,no,ninguno,ineficiente,lento,caro,inseguro,incomodo,algo,mucho
1160,region_1,100mil_mas,no,mujer,18-24,preparatoria,4-5sm,no_ocupado,no,camion,ineficiente,lento,caro,inseguro,incomodo,algo,poco
1161,region_1,100mil_mas,no,hombre,35-44,secundaria,4-5sm,ocupado,no,ninguno,ineficiente,lento,caro,inseguro,incomodo,algo,algo
1162,region_1,100mil_mas,no,hombre,55-64,secundaria,2-3sm,ocupado,no,ninguno,ineficiente,lento,caro,inseguro,incomodo,poco,algo
1163,region_1,100mil_mas,no,mujer,25-34,ninguna,2-3sm,no_ocupado,no,colectivo,ineficiente,lento,caro,inseguro,incomodo,poco,poco
1164,region_4,100mil_mas,no,hombre,65+,primaria,no_declaro,no_ocupado,no,ninguno,ineficiente,lento,barato,seguro,incomodo,mucho,algo
1165,region_4,100mil_mas,no,hombre,35-44,preparatoria,4-5sm,ocupado,no,ninguno,ineficiente,rapido,barato,seguro,incomodo,algo,poco
1166,region_4,100mil_mas,no,mujer,55-64,ninguna,1-2sm,ocupado,no,ninguno,ineficiente,lento,caro,inseguro,incomodo,mucho,mucho
1167,region_3,100mil_mas,no,mujer,25-34,ninguna,3-4sm,no_ocupado,no,camion,ineficiente,lento,caro,inseguro,incomodo,poco,poco
1168,region_3,100mil_mas,no,mujer,35-44,secundaria,2-3sm,no_ocupado,no,camion,ineficiente,lento,barato,seguro,comodo,poco,algo
1169,region_3,100mil_mas,no,mujer,25-34,preparatoria,4-5sm,no_ocupado,no,ninguno,ineficiente,lento,caro,seguro,comodo,algo,algo
1170,region_3,100mil_mas,no,hombre,25-34,preparatoria,3-4sm,ocupado,no,particular,ineficiente,lento,caro,inseguro,incomodo,poco,poco
1171,region_3,menos_2500,no,mujer,55-64,ninguna,2-3sm,no_ocupado,no,ninguno,ineficiente,lento,caro,inseguro,incomodo,algo,poco
1174,region_3,100mil_mas,no,hombre,25-34,preparatoria,4-5sm,ocupado,no,ninguno,ineficiente,lento,caro,inseguro,incomodo,algo,algo
1175,region_3,100mil_mas,no,mujer,35-44,secundaria,1-2sm,ocupado,no,particular,ineficiente,lento,caro,inseguro,incomodo,poco,algo
1176,region_3,100mil_mas,no,hombre,25-34,secundaria,2-3sm,ocupado,no,particular,ineficiente,lento,caro,inseguro,incomodo,no_contamina,poco
1177,region_3,100mil_mas,no,mujer,25-34,primaria,3-4sm,ocupado,no,particular,ineficiente,lento,caro,inseguro,incomodo,no_contamina,nada
1178,region_3,100mil_mas,no,mujer,55-64,primaria,2-3sm,no_ocupado,no,ninguno,ineficiente,lento,caro,inseguro,incomodo,algo,algo
1179,region_3,100mil_mas,no,mujer,35-44,secundaria,mas_6sm,ocupado,no,ninguno,ineficiente,lento,caro,inseguro,incomodo,no_contamina,poco
1180,region_3,100mil_mas,no,hombre,35-44,primaria,3-4sm,ocupado,no,particular,ineficiente,lento,caro,inseguro,incomodo,poco,poco
1181,region_3,100mil_mas,no,hombre,25-34,secundaria,2-3sm,ocupado,no,ninguno,ineficiente,lento,barato,inseguro,incomodo,no_contamina,algo
1182,region_3,15mil_99999,no,mujer,35-44,secundaria,5-6sm,no_ocupado,no,ninguno,ineficiente,lento,caro,inseguro,incomodo,no_contamina,algo
1183,region_3,15mil_99999,no,mujer,45-54,primaria,1-2sm,ocupado,no,ninguno,ineficiente,rapido,barato,seguro,incomodo,no_contamina,poco
1184,region_3,100mil_mas,no,mujer,65+,ninguna,mas_6sm,no_ocupado,no,ninguno,ineficiente,lento,caro,inseguro,incomodo,no_contamina,poco
1185,region_3,100mil_mas,no,hombre,65+,primaria,no_declaro,no_ocupado,no,ninguno,ineficiente,lento,caro,inseguro,incomodo,poco,mucho
1186,region_3,menos_2500,no,hombre,65+,primaria,no_declaro,no_ocupado,no,ninguno,ineficiente,lento,caro,inseguro,incomodo,no_contamina,nada
1187,region_3,15mil_99999,no,mujer,35-44,primaria,no_declaro,no_ocupado,no,otros,ineficiente,lento,caro,inseguro,comodo,algo,algo
1190,region_4,2500_14999,no,hombre,25-34,secundaria,no_declaro,no_ocupado,no,demanda,ineficiente,lento,barato,inseguro,incomodo,algo,poco
1192,region_3,2500_14999,no,mujer,35-44,secundaria,1-2sm,ocupado,no,camion,ineficiente,lento,caro,inseguro,incomodo,mucho,poco
1193,region_3,2500_14999,no,mujer,25-34,preparatoria,1-2sm,no_ocupado,no,camion,ineficiente,lento,barato,seguro,incomodo,no_contamina,poco
1198,region_1,100mil_mas,no,mujer,35-44,secundaria,mas_6sm,no_ocupado,no,particular,ineficiente,rapido,caro,inseguro,incomodo,algo,poco
1199,region_4,menos_2500,no,mujer,25-34,ninguna,3-4sm,no_ocupado,no,ninguno,ineficiente,rapido,caro,seguro,incomodo,algo,poco
1200,region_3,100mil_mas,si,hombre,45-54,secundaria,mas_6sm,ocupado,no,masivo,ineficiente,rapido,barato,seguro,comodo,no_contamina,algo
